"id_candidato_judicial","id_alcance_judicial","id_tipo_eleccion","id_region","id_distrito_judicial","id_quien_lo_propone","id_tipo_cargo","nombre","apellido_paterno","apellido_materno","id_genero","orden_por_genero","numero_en_boleta","activo","ruta_fotografia","nombre_archivo_cr_original","nombre_archivo_cr_firmada","ruta_archivo_cr","sha512_archivo_cr_cargado"
13,1,5,,,1,1,JOEL ALFONSO,SIERRA,PALACIOS,2,10,13,1,,,,,
4,1,5,,,1,1,LUIS FERNANDO,CAMACHO,LUPERCIO,2,1,4,1,,,,,
6,1,5,,,1,1,LUIS ALBERTO,GARCIA,GUTIERREZ,2,3,6,1,,,,,
7,1,5,,,3,1,CEREZO RAFAEL,GONZALEZ,OSES,2,4,7,1,,,,,
8,1,5,,,4,1,HECTOR,MACEDO,GARCIA,2,5,8,1,,,,,
9,1,5,,,2,1,NAVA ISAEL ABIF,MONTOYA,ARCE,2,6,9,1,,,,,
10,1,5,,,4,1,MARCO ANTONIO,NAVA,Y NAVAS,2,7,10,1,,,,,
11,1,5,,,2,1,CRISTIAN JOVANI,RAMOS,QUINTERO,2,8,11,1,,,,,
12,1,5,,,1,1,MARIO LUIS,ROJAS,SERRANO,2,9,12,1,,,,,
15,1,6,,,3,2,VERONICA,CARRILLO,CARRILLO,1,2,2,1,,,,,
17,1,6,,,3,2,MA. MATILDE,COLIN,GONZALEZ,1,4,4,1,,,,,
18,1,6,,,2,2,JESICA,CONTRERAS,VELAZQUEZ,1,5,5,1,,,,,
19,1,6,,,3,2,MARIA ELENA,CORRAL,HUITRON,1,6,6,1,,,,,
20,1,6,,,3,2,CINTYA,CRUZ,ARROYO,1,7,7,1,,,,,
21,1,6,,,1,2,KARLA IVONNE,DIAZ,INIESTA,1,8,8,1,,,,,
22,1,6,,,1,2,NANCY,FLORES,MENDOZA,1,9,9,1,,,,,
23,1,6,,,3,2,ALEJANDRA,FLORES,PEREZ,1,10,10,1,,,,,
24,1,6,,,1,2,MARIBEL,GONGORA,ESPINOSA,1,11,11,1,,,,,
25,1,6,,,7,2,KARLA,GONZALEZ,PIÑA,1,12,12,1,,,,,
26,1,6,,,1,2,ALMA,GONZALEZ,PLATA,1,13,13,1,,,,,
27,1,6,,,1,2,LAURA,JIMENEZ,VALDES,1,14,14,1,,,,,
28,1,6,,,6,2,XOCHITL,MARTINEZ,ROJO,1,15,15,1,,,,,
29,1,6,,,2,2,ZULEMA,MARTINEZ,SANCHEZ,1,16,16,1,,,,,
30,1,6,,,2,2,LORENA,NAVARRETE,CASTAÑEDA,1,17,17,1,,,,,
31,1,6,,,7,2,KENIA,NUÑEZ,BAUTISTA,1,18,18,1,,,,,
32,1,6,,,8,2,CRISTEL YUNUEN,POZAS,SERRANO,1,19,19,1,,,,,
33,1,6,,,1,2,MARICELA,REYES,HERNANDEZ,1,20,20,1,,,,,
35,1,6,,,8,2,JORGE JESUS,BERNAL,VALDES,2,1,22,1,,,,,
36,1,6,,,1,2,JESUS ANGEL,CADENA,ALCALA,2,2,23,1,,,,,
37,1,6,,,3,2,JULIO ALBERTO,CASTAÑEDA,PECH,2,3,24,1,,,,,
38,1,6,,,3,2,JOSE ALFREDO,CEDILLO,GONZALEZ,2,4,25,1,,,,,
39,1,6,,,3,2,LUIS EDUARDO,GOMEZ,GARCIA,2,5,26,1,,,,,
41,1,6,,,2,2,HECTOR VIRGILIO ESAU,JARAMILLO,ROJAS,2,7,28,1,,,,,
42,1,6,,,3,2,NIVARDO,MARTINEZ,MALDONADO,2,8,29,1,,,,,
43,1,6,,,3,2,FRANCISCO JOSE,MEDINA,ORTEGA,2,9,30,1,,,,,
44,1,6,,,6,2,EDGAR HERNAN,MEJIA,LOPEZ,2,10,31,1,,,,,
45,1,6,,,1,2,ROBERTO JUAN,MORALES,LAGUNAS,2,11,32,1,,,,,
46,1,6,,,1,2,LUIS CUAUHTEMOC,PALESTINA,FLORES,2,12,33,1,,,,,
47,1,6,,,2,2,LUIS GUSTAVO,PARRA,NORIEGA,2,13,34,1,,,,,
48,1,6,,,1,2,LUIS OSWALDO,PERALTA,RIVERA,2,14,35,1,,,,,
50,2,7,1,,8,5,BLANCA DANNALY,ARGUMEDO,GUERRA,1,1,1,1,,,,,
51,2,7,1,,6,5,ROSA ELENA QUETZALIA,BARON,RAMOS,1,2,2,1,,,,,
53,2,7,1,,3,5,MYRNA ARACELI,GARCIA,MORON,1,4,4,1,,,,,
54,2,7,1,,3,5,DIANA LILIA,LUZ,ALCANTARA,1,5,5,1,,,,,
55,2,7,1,,3,5,GLORIA,MITRE,ROBLES,1,6,6,1,,,,,
56,2,7,1,,1,5,OLIVIA,NAIME,AVILA,1,7,7,1,,,,,
57,2,7,1,,6,5,ABIGAIL,OCAMPO,ALVAREZ,1,8,8,1,,,,,
58,2,7,1,,6,5,MARIA ELENA,PONS,ESCALERA,1,9,9,1,,,,,
59,2,7,1,,1,5,CLAUDIA IBETH,ROSAS,DIAZ,1,10,10,1,,,,,
60,2,7,1,,2,5,SILVIA,VAZQUEZ,SANCHEZ,1,11,11,1,,,,,
61,2,7,1,,3,4,ASTRID LORENA,AVILEZ,VILLENA,1,12,12,1,,,,,
62,2,7,1,,6,4,MARIA JOSE,BERNAL,BALLESTEROS,1,13,13,1,,,,,
63,2,7,1,,6,4,INDRA IVON,CASTILLO,ROBLEDO,1,14,14,1,,,,,
64,2,7,1,,4,4,ERIKA ICELA,CASTILLO,VEGA,1,15,15,1,,,,,
65,2,7,1,,2,4,ADRIANA,MONDRAGON,LOZA,1,16,16,1,,,,,
66,2,7,1,,3,4,SARAI AYDEE,RAMIREZ,GARCIA,1,17,17,1,,,,,
67,2,7,1,,5,4,REBECA,ROSALES,ZAMORA,1,18,18,1,,,,,
68,2,7,1,,7,4,TERESA ESTHELA,SALGADO,VILCHIS,1,19,19,1,,,,,
69,2,7,1,,3,3,MARIA,CARDENAS,ALCANTARA,1,20,20,1,,,,,
70,2,7,1,,3,3,MARIA ALEJANDRA,CARRILLO,GARCIA,1,21,21,1,,,,,
71,2,7,1,,6,3,LOURDES,CASTILLO,CAÑAS,1,22,22,1,,,,,
72,2,7,1,,2,3,FLOR,DAVILA,PASTRANA,1,23,23,1,,,,,
5,1,5,,,5,1,PABLO,ESPINOSA,MARQUEZ,2,2,5,1,,,,,
14,1,6,,,2,2,SINAI ALEJANDRA,BUSTAMANTE,SANCHEZ,1,1,1,1,,,,,
3,1,5,,,2,1,MARTHA ALICIA,FLORES,CORDERO,1,3,3,1,,,,,
40,1,6,,,6,2,ALEJANDRO JAIME,GOMEZ,SANCHEZ,2,6,27,1,,,,,
34,1,6,,,3,2,NANCY,RIOS,ANZURES,1,21,21,1,,,,,
49,1,6,,,2,2,EDUARDO,SANABRIA,SANCHEZ,2,15,36,1,,,,,
52,2,7,1,,3,5,ROSALBA,COLIN,NAVARRETE,1,3,3,1,,,,,
2,1,5,,,2,1,JUANA,DAVILA,FLORES,1,2,2,1,,,,,
16,1,6,,,2,2,MARIA DE LOS ANGELES,CASTILLO,JIMENEZ,1,3,3,1,,,,,
73,2,7,1,,6,3,ROSSYNA,GARCIA,ONTIVEROS,1,24,24,1,,,,,
74,2,7,1,,7,3,JANELLY,GUTIERREZ,RUIZ,1,25,25,1,,,,,
75,2,7,1,,3,3,MACIEL,MEJIA,FLORES,1,26,26,1,,,,,
76,2,7,1,,1,3,JANET,PATIÑO,GARCIA,1,27,27,1,,,,,
77,2,7,1,,6,5,RUBEN MAXIMILIANO,ALEXANDER,RABAGO,2,1,28,1,,,,,
78,2,7,1,,3,5,FRANCISCO JAVIER,BARRERA,SANCHEZ,2,2,29,1,,,,,
79,2,7,1,,2,5,SALVADOR,BRAVO,HERNANDEZ,2,3,30,1,,,,,
80,2,7,1,,3,5,MIGUEL ANGEL,CRUZ,MUCIÑO,2,4,31,1,,,,,
81,2,7,1,,1,5,LUIS ALBERTO,GARCIA,GUTIERREZ,2,5,32,1,,,,,
82,2,7,1,,3,5,CARLOS ALBERTO,GOMEZ,ESTRADA,2,6,33,1,,,,,
83,2,7,1,,5,5,JOSE ROBERTO,GUTIERREZ,SILVA,2,7,34,1,,,,,
84,2,7,1,,2,5,HECTOR,JARAMILLO,ARCE,2,8,35,1,,,,,
85,2,7,1,,3,5,RAMIRO,MEJIA,DIAZ,2,9,36,1,,,,,
86,2,7,1,,2,5,NAVA ISAEL ABIF,MONTOYA,ARCE,2,10,37,1,,,,,
87,2,7,1,,4,5,MARCO ANTONIO,NAVA,Y NAVAS,2,11,38,1,,,,,
88,2,7,1,,1,5,VICTOR HUGO,RAMIREZ,CRUZ,2,12,39,1,,,,,
89,2,7,1,,1,5,MIGUEL ANGEL,VEGA,VICTORIA,2,13,40,1,,,,,
90,2,7,1,,2,5,JUAN ALBERTO,VIDAL,ROJAS,2,14,41,1,,,,,
91,2,7,1,,2,4,SYNRIG,BENHUMEA,PRADO,2,15,42,1,,,,,
92,2,7,1,,7,4,LUIS ARTURO,CONTRERAS,BENITEZ,2,16,43,1,,,,,
93,2,7,1,,1,4,RICARDO,GONZALEZ,JIMENEZ,2,17,44,1,,,,,
94,2,7,1,,2,4,JOEL ALEJANDRO,GUTIERREZ,TOLEDANO,2,18,45,1,,,,,
95,2,7,1,,7,4,LUIS RAMIRO,MEDINA,MONTERO,2,19,46,1,,,,,
96,2,7,1,,3,4,JORGE,OLVERA,GARCIA,2,20,47,1,,,,,
97,2,7,1,,5,4,FRANCISCO JAVIER,REYES,SANCHEZ,2,21,48,1,,,,,
98,2,7,1,,1,3,CHRISTIAN YAIR,ALDRETE,ACUÑA,2,22,49,1,,,,,
99,2,7,1,,1,3,NICOLAS,CONTRERAS,VELAZQUEZ,2,23,50,1,,,,,
100,2,7,1,,2,3,CESAR BULMARO,DIAZ,MORAN,2,24,51,1,,,,,
101,2,7,1,,3,3,CEREZO RAFAEL,GONZALEZ,OSES,2,25,52,1,,,,,
102,2,7,1,,3,3,ORLANDO,MORALES,GONZALEZ,2,26,53,1,,,,,
103,2,7,1,,8,3,LAWRENCE ELISEO,SERRANO,DOMINGUEZ,2,27,54,1,,,,,
104,2,7,1,,5,3,JORGE RUBEN,SOLANO,MENESES,2,28,55,1,,,,,
105,2,7,1,,2,3,BALDOMERO,TALAVERA,LOPEZ,2,29,56,1,,,,,
106,2,7,1,,6,3,J CARMEN,VILCHIS,RAMON,2,30,57,1,,,,,
405,3,8,4,18,3,7,MARIA ALEJANDRA,MONTAÑO,ESCALONA,1,2,4,1,,CR_18_MONTAÑO_ESCALONA_MARIA_ALEJANDRA.pdf,CR_18_MONTAÑO_ESCALONA_MARIA_ALEJANDRA_F.pdf,/CR/JJE18/CR_18_MONTAÑO_ESCALONA_MARIA_ALEJANDRA_F.pdf,
358,3,8,1,16,2,8,SILVIA,OSORIO,AVALOS,1,4,4,1,,CR_16_OSORIO_AVALOS_SILVIA.pdf,CR_16_OSORIO_AVALOS_SILVIA_F.pdf,/CR/JJE16/CR_16_OSORIO_AVALOS_SILVIA_F.pdf,
359,3,8,1,16,2,8,MAHASSEN ZULEMA,SANCHEZ,RIVERO,1,5,5,1,,CR_16_SANCHEZ_RIVERO_MAHASSEN_ZULEMA.pdf,CR_16_SANCHEZ_RIVERO_MAHASSEN_ZULEMA_F.pdf,/CR/JJE16/CR_16_SANCHEZ_RIVERO_MAHASSEN_ZULEMA_F.pdf,
360,3,8,1,16,1,8,YAMILE GUADALUPE,SILES,LOPEZ,1,6,6,1,,CR_16_SILES_LOPEZ_YAMILE_GUADALUPE.pdf,CR_16_SILES_LOPEZ_YAMILE_GUADALUPE_F.pdf,/CR/JJE16/CR_16_SILES_LOPEZ_YAMILE_GUADALUPE_F.pdf,
410,3,8,4,18,7,10,EMMANUEL,ARELLANO,MORALES,2,3,5,1,,CR_18_ARELLANO_MORALES_EMMANUEL.pdf,CR_18_ARELLANO_MORALES_EMMANUEL_F.pdf,/CR/JJE18/CR_18_ARELLANO_MORALES_EMMANUEL_F.pdf,
411,3,8,4,18,4,10,GASTON,CARLOS,VELAZQUEZ,2,4,6,1,,CR_18_CARLOS_VELAZQUEZ_GASTON.pdf,CR_18_CARLOS_VELAZQUEZ_GASTON_F.pdf,/CR/JJE18/CR_18_CARLOS_VELAZQUEZ_GASTON_F.pdf,
1,1,5,,,4,1,ERIKA ICELA,CASTILLO,VEGA,1,1,1,1,,,,,
361,3,8,1,16,6,8,YESENIA,VELAZQUEZ,RODRIGUEZ,1,7,7,1,,CR_16_VELAZQUEZ_RODRIGUEZ_YESENIA.pdf,CR_16_VELAZQUEZ_RODRIGUEZ_YESENIA_F.pdf,/CR/JJE16/CR_16_VELAZQUEZ_RODRIGUEZ_YESENIA_F.pdf,
374,3,8,1,16,4,7,YADHIRA,CASARRUBIAS,MARTINEZ,1,20,20,1,,CR_16_CASARRUBIAS_MARTINEZ_YADHIRA.pdf,CR_16_CASARRUBIAS_MARTINEZ_YADHIRA_F.pdf,/CR/JJE16/CR_16_CASARRUBIAS_MARTINEZ_YADHIRA_F.pdf,
134,2,7,3,,3,5,GUADALUPE VERENICE,AGUILAR,GARCIA,1,1,1,1,,,,,
135,2,7,3,,3,5,ALEJANDRA AMALIA,BOLAÑOS,ALVARADO,1,2,2,1,,,,,
136,2,7,3,,1,5,KARINA LIZBETH,LEONIDES,COLIN,1,3,3,1,,,,,
137,2,7,3,,2,3,NANCY ALEJANDRA,AGUILAR,GARCIA,1,4,4,1,,,,,
138,2,7,3,,7,3,KAREN DIANA,ALCANTARA,ROSAS,1,5,5,1,,,,,
139,2,7,3,,1,3,EDITH,COLMENERO,FLORES,1,6,6,1,,,,,
140,2,7,3,,2,3,ELIZABETH,CORNEJO,REGALADO,1,7,7,1,,,,,
141,2,7,3,,3,3,ADRIANA,DURAN,SANCHEZ,1,8,8,1,,,,,
142,2,7,3,,2,3,MARTHA ALICIA,FLORES,CORDERO,1,9,9,1,,,,,
143,2,7,3,,3,3,DIANA,GARDUÑO,SANTIAGO,1,10,10,1,,,,,
144,2,7,3,,1,3,MARIA SONIA,LOPEZ,SANCHEZ,1,11,11,1,,,,,
145,2,7,3,,5,3,ANGELICA,VAZQUEZ,SORIA,1,12,12,1,,,,,
146,2,7,3,,8,5,MARTIN OMAR,ALVA,CALDERON,2,1,13,1,,,,,
147,2,7,3,,2,5,GERARDO,ESQUIVEL,MEJIA,2,2,14,1,,,,,
148,2,7,3,,4,5,HECTOR,MACEDO,GARCIA,2,3,15,1,,,,,
149,2,7,3,,1,5,FRANCISCO ALEJANDRO,MARTINEZ,GUZMAN,2,4,16,1,,,,,
150,2,7,3,,5,5,JUAN ROBERTO,SANCHEZ,RUIZ,2,5,17,1,,,,,
151,2,7,3,,1,3,J ISABEL,AGUARIO,ALVAREZ,2,6,18,1,,,,,
152,2,7,3,,3,3,ANGEL SANTIAGO,AVILA,PEREZ,2,7,19,1,,,,,
153,2,7,3,,1,3,LUIS FERNANDO,CAMACHO,LUPERCIO,2,8,20,1,,,,,
154,2,7,3,,2,3,LUIS OCTAVIO,ESPINOSA,BONILLA,2,9,21,1,,,,,
155,2,7,3,,2,3,MARCO ANTONIO,ESPINOSA,ESPEJEL,2,10,22,1,,,,,
156,2,7,3,,5,3,PABLO,ESPINOSA,MARQUEZ,2,11,23,1,,,,,
157,2,7,3,,2,3,JOSE MANUEL,HERNANDEZ,ZACARIAS,2,12,24,1,,,,,
158,2,7,3,,3,3,ALVARO,HIGAREDA,FLORES,2,13,25,1,,,,,
159,2,7,3,,6,3,FERMIN MIGUEL,OLGUIN,DIAZ,2,14,26,1,,,,,
160,2,7,3,,3,3,RAUL,VERA,TORRES,2,15,27,1,,,,,
161,2,7,4,,2,5,EDITH COPILZIN,GONZALEZ,GALLEGOS,1,1,1,1,,,,,
162,2,7,4,,2,5,BIBIANA,JIMENEZ,NILA,1,2,2,1,,,,,
163,2,7,4,,5,5,NANCY,ROJAS,HERNANDEZ,1,3,3,1,,,,,
164,2,7,4,,5,5,LORENA,ROLDAN,RODRIGUEZ,1,4,4,1,,,,,
165,2,7,4,,2,3,BERTHA ARACELI,DIAZ,VILCHIS,1,5,5,1,,,,,
166,2,7,4,,7,3,PERLA YUNNUEN,FERNANDEZ,GALICIA,1,6,6,1,,,,,
167,2,7,4,,1,3,LUCERO CONCEPCION,HERNANDEZ,SANCHEZ,1,7,7,1,,,,,
168,2,7,4,,3,3,RAQUEL MIRIAM,MARTINEZ,SALAS,1,8,8,1,,,,,
169,2,7,4,,2,3,ZAYRA GABRIELA,OLIVA,VALDES,1,9,9,1,,,,,
170,2,7,4,,5,3,JANNET,RAMIREZ,DIAZ,1,10,10,1,,,,,
171,2,7,4,,3,5,KENY EDUARDO,BERNOT,FLORES,2,1,11,1,,,,,
172,2,7,4,,2,5,DARIO,CAMPOS,AYALA,2,2,12,1,,,,,
173,2,7,4,,5,5,CARLOS,MALDONADO,BARON,2,3,13,1,,,,,
174,2,7,4,,6,5,JORGE,VEGA,VALENCIA,2,4,14,1,,,,,
175,2,7,4,,7,3,JUAN JOSE,COLON,MARTINEZ,2,5,15,1,,,,,
176,2,7,4,,7,3,RUBEN,MONTENEGRO,DELGADO,2,6,16,1,,,,,
177,2,7,4,,7,3,DAVID JOSUE,MORENO,CANO,2,7,17,1,,,,,
195,3,8,2,2,6,7,AMANDA LIZETH,OLVERA,CRUZ,1,8,8,1,,CR_02_OLVERA_CRUZ_AMANDA_LIZETH.pdf,CR_02_OLVERA_CRUZ_AMANDA_LIZETH_F.pdf,/CR/JJE02/CR_02_OLVERA_CRUZ_AMANDA_LIZETH_F.pdf,
196,3,8,2,2,5,7,JUANA ARELI,OLVERA,CRUZ,1,9,9,1,,CR_02_OLVERA_CRUZ_JUANA_ARELI.pdf,CR_02_OLVERA_CRUZ_JUANA_ARELI_F.pdf,/CR/JJE02/CR_02_OLVERA_CRUZ_JUANA_ARELI_F.pdf,
197,3,8,2,2,7,7,THEMMISS,RAMOS,CHAVEZ,1,10,10,1,,CR_02_RAMOS_CHAVEZ_THEMMISS.pdf,CR_02_RAMOS_CHAVEZ_THEMMISS_F.pdf,/CR/JJE02/CR_02_RAMOS_CHAVEZ_THEMMISS_F.pdf,
198,3,8,2,2,4,8,LUIS EDUARDO,FLORES,TELLEZ,2,1,11,1,,CR_02_FLORES_TELLEZ_LUIS_EDUARDO.pdf,CR_02_FLORES_TELLEZ_LUIS_EDUARDO_F.pdf,/CR/JJE02/CR_02_FLORES_TELLEZ_LUIS_EDUARDO_F.pdf,
199,3,8,2,2,1,8,MARCO ANTONIO,NUÑEZ,GOMEZ,2,2,12,1,,CR_02_NUÑEZ_GOMEZ_MARCO_ANTONIO.pdf,CR_02_NUÑEZ_GOMEZ_MARCO_ANTONIO_F.pdf,/CR/JJE02/CR_02_NUÑEZ_GOMEZ_MARCO_ANTONIO_F.pdf,
200,3,8,2,2,2,8,HECTOR DANIEL,SOLIS,MARTINEZ,2,3,13,1,,CR_02_SOLIS_MARTINEZ_HECTOR_DANIEL.pdf,CR_02_SOLIS_MARTINEZ_HECTOR_DANIEL_F.pdf,/CR/JJE02/CR_02_SOLIS_MARTINEZ_HECTOR_DANIEL_F.pdf,
201,3,8,2,2,4,6,ROLANDO,DURAN,DAVILA,2,4,14,1,,CR_02_DURAN_DAVILA_ROLANDO.pdf,CR_02_DURAN_DAVILA_ROLANDO_F.pdf,/CR/JJE02/CR_02_DURAN_DAVILA_ROLANDO_F.pdf,
202,3,8,2,2,3,6,ULISES LEONARDO,GARCIA,VAZQUEZ,2,5,15,1,,CR_02_GARCIA_VAZQUEZ_ULISES_LEONARDO.pdf,CR_02_GARCIA_VAZQUEZ_ULISES_LEONARDO_F.pdf,/CR/JJE02/CR_02_GARCIA_VAZQUEZ_ULISES_LEONARDO_F.pdf,
203,3,8,2,2,1,6,SERGIO,MAYEN,ARROYO,2,6,16,1,,CR_02_MAYEN_ARROYO_SERGIO.pdf,CR_02_MAYEN_ARROYO_SERGIO_F.pdf,/CR/JJE02/CR_02_MAYEN_ARROYO_SERGIO_F.pdf,
204,3,8,2,2,2,6,VICTOR MANUEL,TOSCANO,VELAZQUEZ,2,7,17,1,,CR_02_TOSCANO_VELAZQUEZ_VICTOR_MANUEL.pdf,CR_02_TOSCANO_VELAZQUEZ_VICTOR_MANUEL_F.pdf,/CR/JJE02/CR_02_TOSCANO_VELAZQUEZ_VICTOR_MANUEL_F.pdf,
205,3,8,2,2,3,7,RICARDO,AGUILAR,NOYOLA,2,8,18,1,,CR_02_AGUILAR_NOYOLA_RICARDO.pdf,CR_02_AGUILAR_NOYOLA_RICARDO_F.pdf,/CR/JJE02/CR_02_AGUILAR_NOYOLA_RICARDO_F.pdf,
206,3,8,2,2,2,7,JOSE RAMON,FLORES,FLORES,2,9,19,1,,CR_02_FLORES_FLORES_JOSE_RAMON.pdf,CR_02_FLORES_FLORES_JOSE_RAMON_F.pdf,/CR/JJE02/CR_02_FLORES_FLORES_JOSE_RAMON_F.pdf,
207,3,8,2,2,1,7,EDER FALCAO,GONZALEZ,GARFIAS,2,10,20,1,,CR_02_GONZALEZ_GARFIAS_EDER_FALCAO.pdf,CR_02_GONZALEZ_GARFIAS_EDER_FALCAO_F.pdf,/CR/JJE02/CR_02_GONZALEZ_GARFIAS_EDER_FALCAO_F.pdf,
208,3,8,2,2,1,7,DANIEL ALEJANDRO,GONZALEZ,OSORNIO,2,11,21,1,,CR_02_GONZALEZ_OSORNIO_DANIEL_ALEJANDRO.pdf,CR_02_GONZALEZ_OSORNIO_DANIEL_ALEJANDRO_F.pdf,/CR/JJE02/CR_02_GONZALEZ_OSORNIO_DANIEL_ALEJANDRO_F.pdf,
209,3,8,2,2,5,7,REY,HERNANDEZ,ESCAMILLA,2,12,22,1,,CR_02_HERNANDEZ_ESCAMILLA_REY.pdf,CR_02_HERNANDEZ_ESCAMILLA_REY_F.pdf,/CR/JJE02/CR_02_HERNANDEZ_ESCAMILLA_REY_F.pdf,
210,3,8,2,2,4,7,VICTOR MANUEL,ISLAS,RIVERA,2,13,23,1,,CR_02_ISLAS_RIVERA_VICTOR_MANUEL.pdf,CR_02_ISLAS_RIVERA_VICTOR_MANUEL_F.pdf,/CR/JJE02/CR_02_ISLAS_RIVERA_VICTOR_MANUEL_F.pdf,
211,3,8,2,2,6,7,JUAN MANUEL,MANCERA,GARCIA,2,14,24,1,,CR_02_MANCERA_GARCIA_JUAN_MANUEL.pdf,CR_02_MANCERA_GARCIA_JUAN_MANUEL_F.pdf,/CR/JJE02/CR_02_MANCERA_GARCIA_JUAN_MANUEL_F.pdf,
212,3,8,2,2,4,7,OSCAR,SAMANO,ALARCON,2,15,25,1,,CR_02_SAMANO_ALARCON_OSCAR.pdf,CR_02_SAMANO_ALARCON_OSCAR_F.pdf,/CR/JJE02/CR_02_SAMANO_ALARCON_OSCAR_F.pdf,
213,3,8,2,2,2,7,JOSE ALBERTO,SANCHEZ,REYES,2,16,26,1,,CR_02_SANCHEZ_REYES_JOSE_ALBERTO.pdf,CR_02_SANCHEZ_REYES_JOSE_ALBERTO_F.pdf,/CR/JJE02/CR_02_SANCHEZ_REYES_JOSE_ALBERTO_F.pdf,
214,3,8,2,2,8,7,ANSELMO HILARIO,ZARAGOZA,ESQUINCA,2,17,27,1,,CR_02_ZARAGOZA_ESQUINCA_ANSELMO_HILARIO.pdf,CR_02_ZARAGOZA_ESQUINCA_ANSELMO_HILARIO_F.pdf,/CR/JJE02/CR_02_ZARAGOZA_ESQUINCA_ANSELMO_HILARIO_F.pdf,
215,3,8,4,3,7,6,IVETTE,ANGUIANO,AGUILAR,1,1,1,1,,CR_03_ANGUIANO_AGUILAR_IVETTE.pdf,CR_03_ANGUIANO_AGUILAR_IVETTE_F.pdf,/CR/JJE03/CR_03_ANGUIANO_AGUILAR_IVETTE_F.pdf,
216,3,8,4,3,1,6,OLGA GUADALUPE,CRISTINO,SICAIROS,1,2,2,1,,CR_03_CRISTINO_SICAIROS_OLGA_GUADALUPE.pdf,CR_03_CRISTINO_SICAIROS_OLGA_GUADALUPE_F.pdf,/CR/JJE03/CR_03_CRISTINO_SICAIROS_OLGA_GUADALUPE_F.pdf,
217,3,8,4,3,3,6,ROSSANA,HERMOSILLO,PLASCENCIA,1,3,3,1,,CR_03_HERMOSILLO_PLASCENCIA_ROSSANA.pdf,CR_03_HERMOSILLO_PLASCENCIA_ROSSANA_F.pdf,/CR/JJE03/CR_03_HERMOSILLO_PLASCENCIA_ROSSANA_F.pdf,
218,3,8,4,3,3,6,MARIBEL,LEON,LIBERATO,1,4,4,1,,CR_03_LEON_LIBERATO_MARIBEL.pdf,CR_03_LEON_LIBERATO_MARIBEL_F.pdf,/CR/JJE03/CR_03_LEON_LIBERATO_MARIBEL_F.pdf,
219,3,8,4,3,1,6,ELBA CRISTINA,MONDRAGON,ORTEGA,1,5,5,1,,CR_03_MONDRAGON_ORTEGA_ELBA_CRISTINA.pdf,CR_03_MONDRAGON_ORTEGA_ELBA_CRISTINA_F.pdf,/CR/JJE03/CR_03_MONDRAGON_ORTEGA_ELBA_CRISTINA_F.pdf,
220,3,8,4,3,2,6,NORMA GUADALUPE,RIOS,VELAZQUEZ,1,6,6,1,,CR_03_RIOS_VELAZQUEZ_NORMA_GUADALUPE.pdf,CR_03_RIOS_VELAZQUEZ_NORMA_GUADALUPE_F.pdf,/CR/JJE03/CR_03_RIOS_VELAZQUEZ_NORMA_GUADALUPE_F.pdf,
221,3,8,4,3,2,6,GUADALUPE MARIANA,URIBE,BERNAL,1,7,7,1,,CR_03_URIBE_BERNAL_GUADALUPE_MARIANA.pdf,CR_03_URIBE_BERNAL_GUADALUPE_MARIANA_F.pdf,/CR/JJE03/CR_03_URIBE_BERNAL_GUADALUPE_MARIANA_F.pdf,
222,3,8,4,3,1,7,GUISSELLE IVONNE,ALCANTARA,ORTEGA,1,8,8,1,,CR_03_ALCANTARA_ORTEGA_GUISSELLE_IVONNE.pdf,CR_03_ALCANTARA_ORTEGA_GUISSELLE_IVONNE_F.pdf,/CR/JJE03/CR_03_ALCANTARA_ORTEGA_GUISSELLE_IVONNE_F.pdf,
223,3,8,4,3,1,7,ROCIO,CERRILLO,ZUÑIGA,1,9,9,1,,CR_03_CERRILLO_ZUÑIGA_ROCIO.pdf,CR_03_CERRILLO_ZUÑIGA_ROCIO_F.pdf,/CR/JJE03/CR_03_CERRILLO_ZUÑIGA_ROCIO_F.pdf,
224,3,8,4,3,3,7,YOSELIN,DE LA O,BUENDIA,1,10,10,1,,CR_03_DE_LA_O_BUENDIA_YOSELIN.pdf,CR_03_DE_LA_O_BUENDIA_YOSELIN_F.pdf,/CR/JJE03/CR_03_DE_LA_O_BUENDIA_YOSELIN_F.pdf,
225,3,8,4,3,1,7,RUBI,LOPEZ,REBOLLO,1,11,11,1,,CR_03_LOPEZ_REBOLLO_RUBI.pdf,CR_03_LOPEZ_REBOLLO_RUBI_F.pdf,/CR/JJE03/CR_03_LOPEZ_REBOLLO_RUBI_F.pdf,
226,3,8,4,3,6,7,GEORGINA YINA,LOZANO,ZEPEDA,1,12,12,1,,CR_03_LOZANO_ZEPEDA_GEORGINA_YINA.pdf,CR_03_LOZANO_ZEPEDA_GEORGINA_YINA_F.pdf,/CR/JJE03/CR_03_LOZANO_ZEPEDA_GEORGINA_YINA_F.pdf,
227,3,8,4,3,2,7,JESSICA,PEREZ,COLIN,1,13,13,1,,CR_03_PEREZ_COLIN_JESSICA.pdf,CR_03_PEREZ_COLIN_JESSICA_F.pdf,/CR/JJE03/CR_03_PEREZ_COLIN_JESSICA_F.pdf,
228,3,8,4,3,6,7,JAMILETH JAILINE,RAMIREZ,MONTIEL,1,14,14,1,,CR_03_RAMIREZ_MONTIEL_JAMILETH_JAILINE.pdf,CR_03_RAMIREZ_MONTIEL_JAMILETH_JAILINE_F.pdf,/CR/JJE03/CR_03_RAMIREZ_MONTIEL_JAMILETH_JAILINE_F.pdf,
229,3,8,4,3,6,7,SARA,SALVADOR,VALDES,1,15,15,1,,CR_03_SALVADOR_VALDES_SARA.pdf,CR_03_SALVADOR_VALDES_SARA_F.pdf,/CR/JJE03/CR_03_SALVADOR_VALDES_SARA_F.pdf,
230,3,8,4,3,3,7,VERONICA,SANCHEZ,GUTIERREZ,1,16,16,1,,CR_03_SANCHEZ_GUTIERREZ_VERONICA.pdf,CR_03_SANCHEZ_GUTIERREZ_VERONICA_F.pdf,/CR/JJE03/CR_03_SANCHEZ_GUTIERREZ_VERONICA_F.pdf,
231,3,8,4,3,3,7,ROCIO ADRIANA,SANCHEZ,HERNANDEZ,1,17,17,1,,CR_03_SANCHEZ_HERNANDEZ_ROCIO_ADRIANA.pdf,CR_03_SANCHEZ_HERNANDEZ_ROCIO_ADRIANA_F.pdf,/CR/JJE03/CR_03_SANCHEZ_HERNANDEZ_ROCIO_ADRIANA_F.pdf,
232,3,8,4,3,2,7,ELIZABETH NOEMI,TORRIJOS,HERRERA,1,18,18,1,,CR_03_TORRIJOS_HERRERA_ELIZABETH_NOEMI.pdf,CR_03_TORRIJOS_HERRERA_ELIZABETH_NOEMI_F.pdf,/CR/JJE03/CR_03_TORRIJOS_HERRERA_ELIZABETH_NOEMI_F.pdf,
233,3,8,4,3,8,7,BLANCA CECILIA,ZETINA,CARRILLO,1,19,19,1,,CR_03_ZETINA_CARRILLO_BLANCA_CECILIA.pdf,CR_03_ZETINA_CARRILLO_BLANCA_CECILIA_F.pdf,/CR/JJE03/CR_03_ZETINA_CARRILLO_BLANCA_CECILIA_F.pdf,
234,3,8,4,3,3,6,IVAN,ALVA,CORTES,2,1,20,1,,CR_03_ALVA_CORTES_IVAN.pdf,CR_03_ALVA_CORTES_IVAN_F.pdf,/CR/JJE03/CR_03_ALVA_CORTES_IVAN_F.pdf,
235,3,8,4,3,1,6,EDGAR,CARRILLO,ESLAVA,2,2,21,1,,CR_03_CARRILLO_ESLAVA_EDGAR.pdf,CR_03_CARRILLO_ESLAVA_EDGAR_F.pdf,/CR/JJE03/CR_03_CARRILLO_ESLAVA_EDGAR_F.pdf,
236,3,8,4,3,1,6,OSCAR URIEL,LARA,JUAREZ,2,3,22,1,,CR_03_LARA_JUAREZ_OSCAR_URIEL.pdf,CR_03_LARA_JUAREZ_OSCAR_URIEL_F.pdf,/CR/JJE03/CR_03_LARA_JUAREZ_OSCAR_URIEL_F.pdf,
237,3,8,4,3,3,6,JUAN GUADALUPE,LEON,MORALES,2,4,23,1,,CR_03_LEON_MORALES_JUAN_GUADALUPE.pdf,CR_03_LEON_MORALES_JUAN_GUADALUPE_F.pdf,/CR/JJE03/CR_03_LEON_MORALES_JUAN_GUADALUPE_F.pdf,
238,3,8,4,3,4,6,ALFREDO,LOPEZ,GARCIA,2,5,24,1,,CR_03_LOPEZ_GARCIA_ALFREDO.pdf,CR_03_LOPEZ_GARCIA_ALFREDO_F.pdf,/CR/JJE03/CR_03_LOPEZ_GARCIA_ALFREDO_F.pdf,
239,3,8,4,3,8,6,JORGE LUIS,MONTAÑO,SANTIBAÑES,2,6,25,1,,CR_03_MONTAÑO_SANTIBAÑES_JORGE_LUIS.pdf,CR_03_MONTAÑO_SANTIBAÑES_JORGE_LUIS_F.pdf,/CR/JJE03/CR_03_MONTAÑO_SANTIBAÑES_JORGE_LUIS_F.pdf,
240,3,8,4,3,4,6,ALEJANDRO,REYES,GARCIA,2,7,26,1,,CR_03_REYES_GARCIA_ALEJANDRO.pdf,CR_03_REYES_GARCIA_ALEJANDRO_F.pdf,/CR/JJE03/CR_03_REYES_GARCIA_ALEJANDRO_F.pdf,
241,3,8,4,3,2,6,FERNANDO,SANCHEZ,ZEPEDA,2,8,27,1,,CR_03_SANCHEZ_ZEPEDA_FERNANDO.pdf,CR_03_SANCHEZ_ZEPEDA_FERNANDO_F.pdf,/CR/JJE03/CR_03_SANCHEZ_ZEPEDA_FERNANDO_F.pdf,
242,3,8,4,3,1,6,DAN LEVI,TEOPA,LOPEZ,2,9,28,1,,CR_03_TEOPA_LOPEZ_DAN_LEVI.pdf,CR_03_TEOPA_LOPEZ_DAN_LEVI_F.pdf,/CR/JJE03/CR_03_TEOPA_LOPEZ_DAN_LEVI_F.pdf,
243,3,8,4,3,1,7,ALEXIS,ACOSTA,CASTAÑEDA,2,10,29,1,,CR_03_ACOSTA_CASTAÑEDA_ALEXIS.pdf,CR_03_ACOSTA_CASTAÑEDA_ALEXIS_F.pdf,/CR/JJE03/CR_03_ACOSTA_CASTAÑEDA_ALEXIS_F.pdf,
244,3,8,4,3,5,7,EDGAR ARAPH,BASTIDA,ECHAVARRIA,2,11,30,1,,CR_03_BASTIDA_ECHAVARRIA_EDGAR_ARAPH.pdf,CR_03_BASTIDA_ECHAVARRIA_EDGAR_ARAPH_F.pdf,/CR/JJE03/CR_03_BASTIDA_ECHAVARRIA_EDGAR_ARAPH_F.pdf,
245,3,8,4,3,1,7,OSCAR,CARDENAS,REYES,2,12,31,1,,CR_03_CARDENAS_REYES_OSCAR.pdf,CR_03_CARDENAS_REYES_OSCAR_F.pdf,/CR/JJE03/CR_03_CARDENAS_REYES_OSCAR_F.pdf,
246,3,8,4,3,2,7,MARCO ANTONIO,ORTIZ,GOMEZ,2,13,32,1,,CR_03_ORTIZ_GOMEZ_MARCO_ANTONIO.pdf,CR_03_ORTIZ_GOMEZ_MARCO_ANTONIO_F.pdf,/CR/JJE03/CR_03_ORTIZ_GOMEZ_MARCO_ANTONIO_F.pdf,
247,3,8,4,3,6,7,CARLOS EDUARDO,PAREDES,JUAREZ,2,14,33,1,,CR_03_PAREDES_JUAREZ_CARLOS_EDUARDO.pdf,CR_03_PAREDES_JUAREZ_CARLOS_EDUARDO_F.pdf,/CR/JJE03/CR_03_PAREDES_JUAREZ_CARLOS_EDUARDO_F.pdf,
248,3,8,4,3,2,7,BRANDON BRYANS,PERALTA,HERNANDEZ,2,15,34,1,,CR_03_PERALTA_HERNANDEZ_BRANDON_BRYANS.pdf,CR_03_PERALTA_HERNANDEZ_BRANDON_BRYANS_F.pdf,/CR/JJE03/CR_03_PERALTA_HERNANDEZ_BRANDON_BRYANS_F.pdf,
249,3,8,4,3,1,7,EMMANUEL ALEJANDRO,PEREZ,ORTEGA,2,16,35,1,,CR_03_PEREZ_ORTEGA_EMMANUEL_ALEJANDRO.pdf,CR_03_PEREZ_ORTEGA_EMMANUEL_ALEJANDRO_F.pdf,/CR/JJE03/CR_03_PEREZ_ORTEGA_EMMANUEL_ALEJANDRO_F.pdf,
250,3,8,4,3,2,7,TASSIO BENJAMIN,RAMIREZ,HERNANDEZ,2,17,36,1,,CR_03_RAMIREZ_HERNANDEZ_TASSIO_BENJAMIN.pdf,CR_03_RAMIREZ_HERNANDEZ_TASSIO_BENJAMIN_F.pdf,/CR/JJE03/CR_03_RAMIREZ_HERNANDEZ_TASSIO_BENJAMIN_F.pdf,
251,3,8,4,3,3,7,ALLAN,RANGEL,RESENDIZ,2,18,37,1,,CR_03_RANGEL_RESENDIZ_ALLAN.pdf,CR_03_RANGEL_RESENDIZ_ALLAN_F.pdf,/CR/JJE03/CR_03_RANGEL_RESENDIZ_ALLAN_F.pdf,
252,3,8,4,3,2,7,ALAN ANTONIO,RODRIGUEZ,GALICIA,2,19,38,1,,CR_03_RODRIGUEZ_GALICIA_ALAN_ANTONIO.pdf,CR_03_RODRIGUEZ_GALICIA_ALAN_ANTONIO_F.pdf,/CR/JJE03/CR_03_RODRIGUEZ_GALICIA_ALAN_ANTONIO_F.pdf,
253,3,8,4,3,2,7,JOSE RICARDO,RODRIGUEZ,SORIA,2,20,39,1,,CR_03_RODRIGUEZ_SORIA_JOSE_RICARDO.pdf,CR_03_RODRIGUEZ_SORIA_JOSE_RICARDO_F.pdf,/CR/JJE03/CR_03_RODRIGUEZ_SORIA_JOSE_RICARDO_F.pdf,
254,3,8,4,3,4,7,MARTIN DANIEL,VENEGAS,SUAREZ,2,21,40,1,,CR_03_VENEGAS_SUAREZ_MARTIN_DANIEL.pdf,CR_03_VENEGAS_SUAREZ_MARTIN_DANIEL_F.pdf,/CR/JJE03/CR_03_VENEGAS_SUAREZ_MARTIN_DANIEL_F.pdf,
309,3,8,3,14,3,7,NANCY,ZUÑIGA,HERNANDEZ,1,4,4,1,,CR_14_ZUÑIGA_HERNANDEZ_NANCY.pdf,CR_14_ZUÑIGA_HERNANDEZ_NANCY_F.pdf,/CR/JJE14/CR_14_ZUÑIGA_HERNANDEZ_NANCY_F.pdf,
397,3,8,1,16,1,7,JUAN CARLOS,AGUILAR,CARBAJAL,2,20,43,1,,CR_16_AGUILAR_CARBAJAL_JUAN_CARLOS.pdf,CR_16_AGUILAR_CARBAJAL_JUAN_CARLOS_F.pdf,/CR/JJE16/CR_16_AGUILAR_CARBAJAL_JUAN_CARLOS_F.pdf,
367,3,8,1,16,4,6,CLAUDIA,GONZALEZ,JUAREZ,1,13,13,1,,CR_16_GONZALEZ_JUAREZ_CLAUDIA.pdf,CR_16_GONZALEZ_JUAREZ_CLAUDIA_F.pdf,/CR/JJE16/CR_16_GONZALEZ_JUAREZ_CLAUDIA_F.pdf,
368,3,8,1,16,6,6,DENISSE,LOPEZ,REYES,1,14,14,1,,CR_16_LOPEZ_REYES_DENISSE.pdf,CR_16_LOPEZ_REYES_DENISSE_F.pdf,/CR/JJE16/CR_16_LOPEZ_REYES_DENISSE_F.pdf,
369,3,8,1,16,3,6,MAYRA,MARTINEZ,LOPEZ,1,15,15,1,,CR_16_MARTINEZ_LOPEZ_MAYRA.pdf,CR_16_MARTINEZ_LOPEZ_MAYRA_F.pdf,/CR/JJE16/CR_16_MARTINEZ_LOPEZ_MAYRA_F.pdf,
375,3,8,1,16,3,7,VERONICA,DIAZ,MORON,1,21,21,1,,CR_16_DIAZ_MORON_VERONICA.pdf,CR_16_DIAZ_MORON_VERONICA_F.pdf,/CR/JJE16/CR_16_DIAZ_MORON_VERONICA_F.pdf,
376,3,8,1,16,1,7,YESENIA,MAYA,OSORIO,1,22,22,1,,CR_16_MAYA_OSORIO_YESENIA.pdf,CR_16_MAYA_OSORIO_YESENIA_F.pdf,/CR/JJE16/CR_16_MAYA_OSORIO_YESENIA_F.pdf,
377,3,8,1,16,2,7,DENISE,RODRIGUEZ,ORTIZ,1,23,23,1,,CR_16_RODRIGUEZ_ORTIZ_DENISE.pdf,CR_16_RODRIGUEZ_ORTIZ_DENISE_F.pdf,/CR/JJE16/CR_16_RODRIGUEZ_ORTIZ_DENISE_F.pdf,
378,3,8,1,16,4,8,JUAN JOSE,ANGELES,GONZALEZ,2,1,24,1,,CR_16_ANGELES_GONZALEZ_JUAN_JOSE.pdf,CR_16_ANGELES_GONZALEZ_JUAN_JOSE_F.pdf,/CR/JJE16/CR_16_ANGELES_GONZALEZ_JUAN_JOSE_F.pdf,
257,3,8,3,9,7,8,UBALDO,DOMINGUEZ,PINEDA,2,1,3,1,,CR_09_DOMINGUEZ_PINEDA_UBALDO.pdf,CR_09_DOMINGUEZ_PINEDA_UBALDO_F.pdf,/CR/JJE09/CR_09_DOMINGUEZ_PINEDA_UBALDO_F.pdf,
260,3,8,1,6,2,7,ROSA MARIA,BECERRIL,RAMIRO,1,1,1,1,,CR_06_BECERRIL_RAMIRO_ROSA_MARIA.pdf,CR_06_BECERRIL_RAMIRO_ROSA_MARIA_F.pdf,/CR/JJE06/CR_06_BECERRIL_RAMIRO_ROSA_MARIA_F.pdf,
269,3,8,3,8,4,8,VALERY DEL CARMEN,ANGELES,PEREZ,1,1,1,1,,CR_08_ANGELES_PEREZ_VALERY_DEL_CARMEN.pdf,CR_08_ANGELES_PEREZ_VALERY_DEL_CARMEN_F.pdf,/CR/JJE08/CR_08_ANGELES_PEREZ_VALERY_DEL_CARMEN_F.pdf,
270,3,8,3,8,3,8,BRENDA CAROLINA,CARRANZA,RAMIREZ,1,2,2,1,,CR_08_CARRANZA_RAMIREZ_BRENDA_CAROLINA.pdf,CR_08_CARRANZA_RAMIREZ_BRENDA_CAROLINA_F.pdf,/CR/JJE08/CR_08_CARRANZA_RAMIREZ_BRENDA_CAROLINA_F.pdf,
271,3,8,3,8,2,8,VIRIDIANA,VILLALOBOS,CRUZ,1,3,3,1,,CR_08_VILLALOBOS_CRUZ_VIRIDIANA.pdf,CR_08_VILLALOBOS_CRUZ_VIRIDIANA_F.pdf,/CR/JJE08/CR_08_VILLALOBOS_CRUZ_VIRIDIANA_F.pdf,
310,3,8,3,14,1,8,RAUL,LEON,DOMINGUEZ,2,1,5,1,,CR_14_LEON_DOMINGUEZ_RAUL.pdf,CR_14_LEON_DOMINGUEZ_RAUL_F.pdf,/CR/JJE14/CR_14_LEON_DOMINGUEZ_RAUL_F.pdf,
311,3,8,3,14,8,8,EDUARDO,MONTAÑO,SANTIBAÑEZ,2,2,6,1,,CR_14_MONTAÑO_SANTIBAÑEZ_EDUARDO.pdf,CR_14_MONTAÑO_SANTIBAÑEZ_EDUARDO_F.pdf,/CR/JJE14/CR_14_MONTAÑO_SANTIBAÑEZ_EDUARDO_F.pdf,
379,3,8,1,16,1,8,JULIO CESAR,ARELLANES,ACEVEDO,2,2,25,1,,CR_16_ARELLANES_ACEVEDO_JULIO_CESAR.pdf,CR_16_ARELLANES_ACEVEDO_JULIO_CESAR_F.pdf,/CR/JJE16/CR_16_ARELLANES_ACEVEDO_JULIO_CESAR_F.pdf,
300,3,8,1,12,1,7,ELIZABETH,GOMEZ,BLANCAS,1,1,1,1,,CR_12_GOMEZ_BLANCAS_ELIZABETH.pdf,CR_12_GOMEZ_BLANCAS_ELIZABETH_F.pdf,/CR/JJE12/CR_12_GOMEZ_BLANCAS_ELIZABETH_F.pdf,
301,3,8,1,12,2,7,MARIA GUADALUPE,HERNANDEZ,GONZALEZ,1,2,2,1,,CR_12_HERNANDEZ_GONZALEZ_MARIA_GUADALUPE.pdf,CR_12_HERNANDEZ_GONZALEZ_MARIA_GUADALUPE_F.pdf,/CR/JJE12/CR_12_HERNANDEZ_GONZALEZ_MARIA_GUADALUPE_F.pdf,
302,3,8,1,12,3,7,ANGEL NOE,FLORES,MARCOS,2,1,3,1,,CR_12_FLORES_MARCOS_ANGEL_NOE.pdf,CR_12_FLORES_MARCOS_ANGEL_NOE_F.pdf,/CR/JJE12/CR_12_FLORES_MARCOS_ANGEL_NOE_F.pdf,
303,3,8,1,12,4,7,ARTURO EDUARDO,GUADARRAMA,GONZALEZ,2,2,4,1,,CR_12_GUADARRAMA_GONZALEZ_ARTURO_EDUARDO.pdf,CR_12_GUADARRAMA_GONZALEZ_ARTURO_EDUARDO_F.pdf,/CR/JJE12/CR_12_GUADARRAMA_GONZALEZ_ARTURO_EDUARDO_F.pdf,
380,3,8,1,16,6,8,OMAR,GONZALEZ,REYES,2,3,26,1,,CR_16_GONZALEZ_REYES_OMAR.pdf,CR_16_GONZALEZ_REYES_OMAR_F.pdf,/CR/JJE16/CR_16_GONZALEZ_REYES_OMAR_F.pdf,
381,3,8,1,16,3,8,AGUSTIN,HERNANDEZ,MARTINEZ,2,4,27,1,,CR_16_HERNANDEZ_MARTINEZ_AGUSTIN.pdf,CR_16_HERNANDEZ_MARTINEZ_AGUSTIN_F.pdf,/CR/JJE16/CR_16_HERNANDEZ_MARTINEZ_AGUSTIN_F.pdf,
382,3,8,1,16,3,8,HERIBERTO BENITO,LOPEZ,AGUILAR,2,5,28,1,,CR_16_LOPEZ_AGUILAR_HERIBERTO_BENITO.pdf,CR_16_LOPEZ_AGUILAR_HERIBERTO_BENITO_F.pdf,/CR/JJE16/CR_16_LOPEZ_AGUILAR_HERIBERTO_BENITO_F.pdf,
383,3,8,1,16,3,8,RAUL,LOPEZ,VILLAVICENCIO,2,6,29,1,,CR_16_LOPEZ_VILLAVICENCIO_RAUL.pdf,CR_16_LOPEZ_VILLAVICENCIO_RAUL_F.pdf,/CR/JJE16/CR_16_LOPEZ_VILLAVICENCIO_RAUL_F.pdf,
384,3,8,1,16,2,8,CHRISTIAN DANIEL,LORZO,TOVAR,2,7,30,1,,CR_16_LORZO_TOVAR_CHRISTIAN_DANIEL.pdf,CR_16_LORZO_TOVAR_CHRISTIAN_DANIEL_F.pdf,/CR/JJE16/CR_16_LORZO_TOVAR_CHRISTIAN_DANIEL_F.pdf,
385,3,8,1,16,4,8,JOSE ANTONIO,MALANCO,HERNANDEZ,2,8,31,1,,CR_16_MALANCO_HERNANDEZ_JOSE_ANTONIO.pdf,CR_16_MALANCO_HERNANDEZ_JOSE_ANTONIO_F.pdf,/CR/JJE16/CR_16_MALANCO_HERNANDEZ_JOSE_ANTONIO_F.pdf,
386,3,8,1,16,1,8,ANGEL FRANCISCO,ROLDAN,SIFUENTES,2,9,32,1,,CR_16_ROLDAN_SIFUENTES_ANGEL_FRANCISCO.pdf,CR_16_ROLDAN_SIFUENTES_ANGEL_FRANCISCO_F.pdf,/CR/JJE16/CR_16_ROLDAN_SIFUENTES_ANGEL_FRANCISCO_F.pdf,
387,3,8,1,16,2,8,FILIBERTO,SANCHEZ,PEDROZA,2,10,33,1,,CR_16_SANCHEZ_PEDROZA_FILIBERTO.pdf,CR_16_SANCHEZ_PEDROZA_FILIBERTO_F.pdf,/CR/JJE16/CR_16_SANCHEZ_PEDROZA_FILIBERTO_F.pdf,
388,3,8,1,16,2,6,ALEJANDRO,ARCHUNDIA,GOROSTIETA,2,11,34,1,,CR_16_ARCHUNDIA_GOROSTIETA_ALEJANDRO.pdf,CR_16_ARCHUNDIA_GOROSTIETA_ALEJANDRO_F.pdf,/CR/JJE16/CR_16_ARCHUNDIA_GOROSTIETA_ALEJANDRO_F.pdf,
389,3,8,1,16,1,6,MIGUEL ANGEL,DOMINGUEZ,LOPEZ,2,12,35,1,,CR_16_DOMINGUEZ_LOPEZ_MIGUEL_ANGEL.pdf,CR_16_DOMINGUEZ_LOPEZ_MIGUEL_ANGEL_F.pdf,/CR/JJE16/CR_16_DOMINGUEZ_LOPEZ_MIGUEL_ANGEL_F.pdf,
390,3,8,1,16,1,6,JOSE LUIS,GONZALEZ,AVILA,2,13,36,1,,CR_16_GONZALEZ_AVILA_JOSE_LUIS.pdf,CR_16_GONZALEZ_AVILA_JOSE_LUIS_F.pdf,/CR/JJE16/CR_16_GONZALEZ_AVILA_JOSE_LUIS_F.pdf,
267,3,8,1,6,3,7,JOSE LUIS,SANCHEZ,OLMOS,2,6,8,1,,CR_06_SANCHEZ_OLMOS_JOSE_LUIS.pdf,CR_06_SANCHEZ_OLMOS_JOSE_LUIS_F.pdf,/CR/JJE06/CR_06_SANCHEZ_OLMOS_JOSE_LUIS_F.pdf,
306,3,8,3,14,3,8,NORMA ELIZABETH,CAMPOS,RIVERA,1,1,1,1,,CR_14_CAMPOS_RIVERA_NORMA_ELIZABETH.pdf,CR_14_CAMPOS_RIVERA_NORMA_ELIZABETH_F.pdf,/CR/JJE14/CR_14_CAMPOS_RIVERA_NORMA_ELIZABETH_F.pdf,
307,3,8,3,14,2,7,MARIA VERONICA,ISLAS,LOPEZ,1,2,2,1,,CR_14_ISLAS_LOPEZ_MARIA_VERONICA.pdf,CR_14_ISLAS_LOPEZ_MARIA_VERONICA_F.pdf,/CR/JJE14/CR_14_ISLAS_LOPEZ_MARIA_VERONICA_F.pdf,
308,3,8,3,14,1,7,REBECA,ROSAS,LEON,1,3,3,1,,CR_14_ROSAS_LEON_REBECA.pdf,CR_14_ROSAS_LEON_REBECA_F.pdf,/CR/JJE14/CR_14_ROSAS_LEON_REBECA_F.pdf,
298,3,8,1,11,6,7,CLAUDIA PAULINA,LOPEZ,MUÑOZ,1,1,1,1,,CR_11_LOPEZ_MUÑOZ_CLAUDIA_PAULINA.pdf,CR_11_LOPEZ_MUÑOZ_CLAUDIA_PAULINA_F.pdf,/CR/JJE11/CR_11_LOPEZ_MUÑOZ_CLAUDIA_PAULINA_F.pdf,
299,3,8,1,11,6,7,JOSE RODOLFO,LARRAZOLO,BRITO,2,1,2,1,,CR_11_LARRAZOLO_BRITO_JOSE_RODOLFO.pdf,CR_11_LARRAZOLO_BRITO_JOSE_RODOLFO_F.pdf,/CR/JJE11/CR_11_LARRAZOLO_BRITO_JOSE_RODOLFO_F.pdf,
268,3,8,1,6,2,7,JUAN CARLOS,TORRES,MARTINEZ,2,7,9,1,,CR_06_TORRES_MARTINEZ_JUAN_CARLOS.pdf,CR_06_TORRES_MARTINEZ_JUAN_CARLOS_F.pdf,/CR/JJE06/CR_06_TORRES_MARTINEZ_JUAN_CARLOS_F.pdf,
264,3,8,1,6,1,7,JOSE LUIS,GARCIA,CRUZ,2,3,5,1,,CR_06_GARCIA_CRUZ_JOSE_LUIS.pdf,CR_06_GARCIA_CRUZ_JOSE_LUIS_F.pdf,/CR/JJE06/CR_06_GARCIA_CRUZ_JOSE_LUIS_F.pdf,
265,3,8,1,6,4,7,JOSE OCTAVIO,LOPEZ,NUÑEZ,2,4,6,1,,CR_06_LOPEZ_NUÑEZ_JOSE_OCTAVIO.pdf,CR_06_LOPEZ_NUÑEZ_JOSE_OCTAVIO_F.pdf,/CR/JJE06/CR_06_LOPEZ_NUÑEZ_JOSE_OCTAVIO_F.pdf,
266,3,8,1,6,2,7,JESUS,RODRIGUEZ,MUNGUIA,2,5,7,1,,CR_06_RODRIGUEZ_MUNGUIA_JESUS.pdf,CR_06_RODRIGUEZ_MUNGUIA_JESUS_F.pdf,/CR/JJE06/CR_06_RODRIGUEZ_MUNGUIA_JESUS_F.pdf,
262,3,8,1,6,3,7,CESAR,AGUILAR,GONZALEZ,2,1,3,1,,CR_06_AGUILAR_GONZALEZ_CESAR.pdf,CR_06_AGUILAR_GONZALEZ_CESAR_F.pdf,/CR/JJE06/CR_06_AGUILAR_GONZALEZ_CESAR_F.pdf,
312,3,8,3,14,5,7,DAVID ALEJANDRO,AQUINO,CRUZ,2,3,7,1,,CR_14_AQUINO_CRUZ_DAVID_ALEJANDRO.pdf,CR_14_AQUINO_CRUZ_DAVID_ALEJANDRO_F.pdf,/CR/JJE14/CR_14_AQUINO_CRUZ_DAVID_ALEJANDRO_F.pdf,
313,3,8,3,14,2,7,ALFREDO JUAN DE JESUS,ORTEGA,GUTIERREZ,2,4,8,1,,CR_14_ORTEGA_GUTIERREZ_ALFREDO_JUAN_DE_JESUS.pdf,CR_14_ORTEGA_GUTIERREZ_ALFREDO_JUAN_DE_JESUS_F.pdf,/CR/JJE14/CR_14_ORTEGA_GUTIERREZ_ALFREDO_JUAN_DE_JESUS_F.pdf,
408,3,8,4,18,2,7,JESUS,ALCANTARA,COSIO,2,1,7,1,,CR_18_ALCANTARA_COSIO_JESUS.pdf,CR_18_ALCANTARA_COSIO_JESUS_F.pdf,/CR/JJE18/CR_18_ALCANTARA_COSIO_JESUS_F.pdf,
409,3,8,4,18,7,7,JORGE EDUARDO,CARBAJAL,SALINAS,2,2,8,1,,CR_18_CARBAJAL_SALINAS_JORGE_EDUARDO.pdf,CR_18_CARBAJAL_SALINAS_JORGE_EDUARDO_F.pdf,/CR/JJE18/CR_18_CARBAJAL_SALINAS_JORGE_EDUARDO_F.pdf,
261,3,8,1,6,6,7,GEORGINA,PEDRAZA,NAVARRETE,1,2,2,1,,CR_06_PEDRAZA_NAVARRETE_GEORGINA.pdf,CR_06_PEDRAZA_NAVARRETE_GEORGINA_F.pdf,/CR/JJE06/CR_06_PEDRAZA_NAVARRETE_GEORGINA_F.pdf,
314,3,8,2,15,1,8,JULIA FLOR,GUADARRAMA,RODRIGUEZ,1,1,1,1,,CR_15_GUADARRAMA_RODRIGUEZ_JULIA_FLOR.pdf,CR_15_GUADARRAMA_RODRIGUEZ_JULIA_FLOR_F.pdf,/CR/JJE15/CR_15_GUADARRAMA_RODRIGUEZ_JULIA_FLOR_F.pdf,
315,3,8,2,15,8,8,LOURDES PAMELA,OSORNO,ROJAS,1,2,2,1,,CR_15_OSORNO_ROJAS_LOURDES_PAMELA.pdf,CR_15_OSORNO_ROJAS_LOURDES_PAMELA_F.pdf,/CR/JJE15/CR_15_OSORNO_ROJAS_LOURDES_PAMELA_F.pdf,
316,3,8,2,15,2,6,FABIOLA ELIZABETH,ARRIOLA,VERA,1,3,3,1,,CR_15_ARRIOLA_VERA_FABIOLA_ELIZABETH.pdf,CR_15_ARRIOLA_VERA_FABIOLA_ELIZABETH_F.pdf,/CR/JJE15/CR_15_ARRIOLA_VERA_FABIOLA_ELIZABETH_F.pdf,
258,3,8,3,9,1,7,JOSE ALFREDO,SANCHEZ,GUTIERREZ,2,2,4,1,,CR_09_SANCHEZ_GUTIERREZ_JOSE_ALFREDO.pdf,CR_09_SANCHEZ_GUTIERREZ_JOSE_ALFREDO_F.pdf,/CR/JJE09/CR_09_SANCHEZ_GUTIERREZ_JOSE_ALFREDO_F.pdf,
259,3,8,3,9,4,7,GERMAN,YAÑEZ,ORTIZ,2,3,5,1,,CR_09_YAÑEZ_ORTIZ_GERMAN.pdf,CR_09_YAÑEZ_ORTIZ_GERMAN_F.pdf,/CR/JJE09/CR_09_YAÑEZ_ORTIZ_GERMAN_F.pdf,
255,3,8,3,9,7,8,MARIA ELENA,OLIVARES,GONZALEZ,1,1,1,1,,CR_09_OLIVARES_GONZALEZ_MARIA_ELENA.pdf,CR_09_OLIVARES_GONZALEZ_MARIA_ELENA_F.pdf,/CR/JJE09/CR_09_OLIVARES_GONZALEZ_MARIA_ELENA_F.pdf,
317,3,8,2,15,2,6,MARGARITA,AVALOS,GONZALEZ,1,4,4,1,,CR_15_AVALOS_GONZALEZ_MARGARITA.pdf,CR_15_AVALOS_GONZALEZ_MARGARITA_F.pdf,/CR/JJE15/CR_15_AVALOS_GONZALEZ_MARGARITA_F.pdf,
318,3,8,2,15,6,6,LIBERTAD,BALDERAS,HURTADO,1,5,5,1,,CR_15_BALDERAS_HURTADO_LIBERTAD.pdf,CR_15_BALDERAS_HURTADO_LIBERTAD_F.pdf,/CR/JJE15/CR_15_BALDERAS_HURTADO_LIBERTAD_F.pdf,
319,3,8,2,15,1,6,MIRIAM ELIZABETH,CORTEZ,NERI,1,6,6,1,,CR_15_CORTEZ_NERI_MIRIAM_ELIZABETH.pdf,CR_15_CORTEZ_NERI_MIRIAM_ELIZABETH_F.pdf,/CR/JJE15/CR_15_CORTEZ_NERI_MIRIAM_ELIZABETH_F.pdf,
320,3,8,2,15,6,6,MA DOLORES,DIONICIO,SANCHEZ,1,7,7,1,,CR_15_DIONICIO_SANCHEZ_MA_DOLORES.pdf,CR_15_DIONICIO_SANCHEZ_MA_DOLORES_F.pdf,/CR/JJE15/CR_15_DIONICIO_SANCHEZ_MA_DOLORES_F.pdf,
321,3,8,2,15,2,6,MIRNA GABRIELA,GAMBOA,GODINEZ,1,8,8,1,,CR_15_GAMBOA_GODINEZ_MIRNA_GABRIELA.pdf,CR_15_GAMBOA_GODINEZ_MIRNA_GABRIELA_F.pdf,/CR/JJE15/CR_15_GAMBOA_GODINEZ_MIRNA_GABRIELA_F.pdf,
322,3,8,2,15,3,6,FLOR ADRIANA,HERNANDEZ,BAUTISTA,1,9,9,1,,CR_15_HERNANDEZ_BAUTISTA_FLOR_ADRIANA.pdf,CR_15_HERNANDEZ_BAUTISTA_FLOR_ADRIANA_F.pdf,/CR/JJE15/CR_15_HERNANDEZ_BAUTISTA_FLOR_ADRIANA_F.pdf,
323,3,8,2,15,3,6,FLOR DE MARIA,MARTINEZ,FIGUEROA,1,10,10,1,,CR_15_MARTINEZ_FIGUEROA_FLOR_DE_MARIA.pdf,CR_15_MARTINEZ_FIGUEROA_FLOR_DE_MARIA_F.pdf,/CR/JJE15/CR_15_MARTINEZ_FIGUEROA_FLOR_DE_MARIA_F.pdf,
324,3,8,2,15,3,6,PATRICIA,MIRAMONTES,AREVALO,1,11,11,1,,CR_15_MIRAMONTES_AREVALO_PATRICIA.pdf,CR_15_MIRAMONTES_AREVALO_PATRICIA_F.pdf,/CR/JJE15/CR_15_MIRAMONTES_AREVALO_PATRICIA_F.pdf,
325,3,8,2,15,3,6,ERIKA PATRICIA,YAÑEZ,NARVAEZ,1,12,12,1,,CR_15_YAÑEZ_NARVAEZ_ERIKA_PATRICIA.pdf,CR_15_YAÑEZ_NARVAEZ_ERIKA_PATRICIA_F.pdf,/CR/JJE15/CR_15_YAÑEZ_NARVAEZ_ERIKA_PATRICIA_F.pdf,
326,3,8,2,15,7,9,SANDRA ALICIA,ALVAREZ,LUNA,1,13,13,1,,CR_15_ALVAREZ_LUNA_SANDRA_ALICIA.pdf,CR_15_ALVAREZ_LUNA_SANDRA_ALICIA_F.pdf,/CR/JJE15/CR_15_ALVAREZ_LUNA_SANDRA_ALICIA_F.pdf,
327,3,8,2,15,1,7,LILIANA,ALANIS,RUIZ,1,14,14,1,,CR_15_ALANIS_RUIZ_LILIANA.pdf,CR_15_ALANIS_RUIZ_LILIANA_F.pdf,/CR/JJE15/CR_15_ALANIS_RUIZ_LILIANA_F.pdf,
328,3,8,2,15,1,7,DIANA DAYDADUBETH,ALBARRAN,CALIXTO,1,15,15,1,,CR_15_ALBARRAN_CALIXTO_DIANA_DAYDADUBETH.pdf,CR_15_ALBARRAN_CALIXTO_DIANA_DAYDADUBETH_F.pdf,/CR/JJE15/CR_15_ALBARRAN_CALIXTO_DIANA_DAYDADUBETH_F.pdf,
329,3,8,2,15,2,7,VIRIDIANA,ESPINOSA,HIDALGO,1,16,16,1,,CR_15_ESPINOSA_HIDALGO_VIRIDIANA.pdf,CR_15_ESPINOSA_HIDALGO_VIRIDIANA_F.pdf,/CR/JJE15/CR_15_ESPINOSA_HIDALGO_VIRIDIANA_F.pdf,
330,3,8,2,15,2,7,TEODULA NOEMI,RAMIREZ,PEREZ,1,17,17,1,,CR_15_RAMIREZ_PEREZ_TEODULA_NOEMI.pdf,CR_15_RAMIREZ_PEREZ_TEODULA_NOEMI_F.pdf,/CR/JJE15/CR_15_RAMIREZ_PEREZ_TEODULA_NOEMI_F.pdf,
331,3,8,2,15,3,7,KATIA VIANEY,TREJO,HERNANDEZ,1,18,18,1,,CR_15_TREJO_HERNANDEZ_KATIA_VIANEY.pdf,CR_15_TREJO_HERNANDEZ_KATIA_VIANEY_F.pdf,/CR/JJE15/CR_15_TREJO_HERNANDEZ_KATIA_VIANEY_F.pdf,
332,3,8,2,15,7,8,AYRTON RODRIGO,CORTES,GOMEZ,2,1,19,1,,CR_15_CORTES_GOMEZ_AYRTON_RODRIGO.pdf,CR_15_CORTES_GOMEZ_AYRTON_RODRIGO_F.pdf,/CR/JJE15/CR_15_CORTES_GOMEZ_AYRTON_RODRIGO_F.pdf,
333,3,8,2,15,5,6,JUAN MANUEL,BARQUIN,ROMERO,2,2,20,1,,CR_15_BARQUIN_ROMERO_JUAN_MANUEL.pdf,CR_15_BARQUIN_ROMERO_JUAN_MANUEL_F.pdf,/CR/JJE15/CR_15_BARQUIN_ROMERO_JUAN_MANUEL_F.pdf,
334,3,8,2,15,3,6,ISMAEL SAJID,CASTILLO,ACOSTA,2,3,21,1,,CR_15_CASTILLO_ACOSTA_ISMAEL_SAJID.pdf,CR_15_CASTILLO_ACOSTA_ISMAEL_SAJID_F.pdf,/CR/JJE15/CR_15_CASTILLO_ACOSTA_ISMAEL_SAJID_F.pdf,
335,3,8,2,15,6,6,EDGAR ALBERTO,CID,CORTES,2,4,22,1,,CR_15_CID_CORTES_EDGAR_ALBERTO.pdf,CR_15_CID_CORTES_EDGAR_ALBERTO_F.pdf,/CR/JJE15/CR_15_CID_CORTES_EDGAR_ALBERTO_F.pdf,
336,3,8,2,15,1,6,HUGO ENRIQUE,GARCIA,MONTES DE OCA,2,5,23,0,,CR_15_GARCIA_MONTES_DE_OCA_HUGO_ENRIQUE.pdf,CR_15_GARCIA_MONTES_DE_OCA_HUGO_ENRIQUE_F.pdf,/CR/JJE15/CR_15_GARCIA_MONTES_DE_OCA_HUGO_ENRIQUE_F.pdf,
337,3,8,2,15,1,6,ELEAZAR,GONZALEZ,ORDOÑEZ,2,6,24,1,,CR_15_GONZALEZ_ORDOÑEZ_ELEAZAR.pdf,CR_15_GONZALEZ_ORDOÑEZ_ELEAZAR_F.pdf,/CR/JJE15/CR_15_GONZALEZ_ORDOÑEZ_ELEAZAR_F.pdf,
338,3,8,2,15,4,6,EDUARDO IVAN,GUZMAN,BELMAR,2,7,25,1,,CR_15_GUZMAN_BELMAR_EDUARDO_IVAN.pdf,CR_15_GUZMAN_BELMAR_EDUARDO_IVAN_F.pdf,/CR/JJE15/CR_15_GUZMAN_BELMAR_EDUARDO_IVAN_F.pdf,
339,3,8,2,15,2,6,LUIS,HERNANDEZ,GUILLEN,2,8,26,1,,CR_15_HERNANDEZ_GUILLEN_LUIS.pdf,CR_15_HERNANDEZ_GUILLEN_LUIS_F.pdf,/CR/JJE15/CR_15_HERNANDEZ_GUILLEN_LUIS_F.pdf,
340,3,8,2,15,5,6,LUIS JESUS FRANCISCO,HERNANDEZ,"",2,9,27,1,,CR_15_HERNANDEZ_LUIS_JESUS_FRANCISCO.pdf,CR_15_HERNANDEZ_LUIS_JESUS_FRANCISCO_F.pdf,/CR/JJE15/CR_15_HERNANDEZ_LUIS_JESUS_FRANCISCO_F.pdf,
341,3,8,2,15,2,6,SAUL,HUERTA,ARREDONDO,2,10,28,1,,CR_15_HUERTA_ARREDONDO_SAUL.pdf,CR_15_HUERTA_ARREDONDO_SAUL_F.pdf,/CR/JJE15/CR_15_HUERTA_ARREDONDO_SAUL_F.pdf,
342,3,8,2,15,4,6,ABRAHAM QUETZALCOATL,JANDETE,MOSQUEDA,2,11,29,1,,CR_15_JANDETE_MOSQUEDA_ABRAHAM_QUETZALCOATL.pdf,CR_15_JANDETE_MOSQUEDA_ABRAHAM_QUETZALCOATL_F.pdf,/CR/JJE15/CR_15_JANDETE_MOSQUEDA_ABRAHAM_QUETZALCOATL_F.pdf,
343,3,8,2,15,8,6,VICTOR MANUEL,ORTIZ,ACEVES,2,12,30,1,,CR_15_ORTIZ_ACEVES_VICTOR_MANUEL.pdf,CR_15_ORTIZ_ACEVES_VICTOR_MANUEL_F.pdf,/CR/JJE15/CR_15_ORTIZ_ACEVES_VICTOR_MANUEL_F.pdf,
344,3,8,2,15,4,6,ALEJANDRO,PEÑA,MENDOZA,2,13,31,1,,CR_15_PEÑA_MENDOZA_ALEJANDRO.pdf,CR_15_PEÑA_MENDOZA_ALEJANDRO_F.pdf,/CR/JJE15/CR_15_PEÑA_MENDOZA_ALEJANDRO_F.pdf,
345,3,8,2,15,2,6,SEBASTIAN DE JESUS,RAMOS,GONZALEZ,2,14,32,1,,CR_15_RAMOS_GONZALEZ_SEBASTIAN_DE_JESUS.pdf,CR_15_RAMOS_GONZALEZ_SEBASTIAN_DE_JESUS_F.pdf,/CR/JJE15/CR_15_RAMOS_GONZALEZ_SEBASTIAN_DE_JESUS_F.pdf,
346,3,8,2,15,3,6,DANIEL ROBERTO,TORRES,ARTEAGA,2,15,33,1,,CR_15_TORRES_ARTEAGA_DANIEL_ROBERTO.pdf,CR_15_TORRES_ARTEAGA_DANIEL_ROBERTO_F.pdf,/CR/JJE15/CR_15_TORRES_ARTEAGA_DANIEL_ROBERTO_F.pdf,
347,3,8,2,15,1,9,LUIS ANTONIO,CARDENAS,RODRIGUEZ,2,16,34,1,,CR_15_CARDENAS_RODRIGUEZ_LUIS_ANTONIO.pdf,CR_15_CARDENAS_RODRIGUEZ_LUIS_ANTONIO_F.pdf,/CR/JJE15/CR_15_CARDENAS_RODRIGUEZ_LUIS_ANTONIO_F.pdf,
348,3,8,2,15,3,9,EDGAR,GARCIA,BARRERA,2,17,35,1,,CR_15_GARCIA_BARRERA_EDGAR.pdf,CR_15_GARCIA_BARRERA_EDGAR_F.pdf,/CR/JJE15/CR_15_GARCIA_BARRERA_EDGAR_F.pdf,
349,3,8,2,15,2,9,HIRVIN,MARTINEZ,ROSALIO,2,18,36,1,,CR_15_MARTINEZ_ROSALIO_HIRVIN.pdf,CR_15_MARTINEZ_ROSALIO_HIRVIN_F.pdf,/CR/JJE15/CR_15_MARTINEZ_ROSALIO_HIRVIN_F.pdf,
350,3,8,2,15,2,7,JORGE LUIS,ACOSTA,DAVILA,2,19,37,1,,CR_15_ACOSTA_DAVILA_JORGE_LUIS.pdf,CR_15_ACOSTA_DAVILA_JORGE_LUIS_F.pdf,/CR/JJE15/CR_15_ACOSTA_DAVILA_JORGE_LUIS_F.pdf,
351,3,8,2,15,1,7,CARLOS ALBERTO,ORTIZ,ORTIZ,2,20,38,1,,CR_15_ORTIZ_ORTIZ_CARLOS_ALBERTO.pdf,CR_15_ORTIZ_ORTIZ_CARLOS_ALBERTO_F.pdf,/CR/JJE15/CR_15_ORTIZ_ORTIZ_CARLOS_ALBERTO_F.pdf,
352,3,8,2,15,1,7,YONATHAN RAPHAEL,SALERO,LOPEZ,2,21,39,1,,CR_15_SALERO_LOPEZ_YONATHAN_RAPHAEL.pdf,CR_15_SALERO_LOPEZ_YONATHAN_RAPHAEL_F.pdf,/CR/JJE15/CR_15_SALERO_LOPEZ_YONATHAN_RAPHAEL_F.pdf,
355,3,8,1,16,3,8,LUZ GABRIELA,AGUILAR,CORONA,1,1,1,1,,CR_16_AGUILAR_CORONA_LUZ_GABRIELA.pdf,CR_16_AGUILAR_CORONA_LUZ_GABRIELA_F.pdf,/CR/JJE16/CR_16_AGUILAR_CORONA_LUZ_GABRIELA_F.pdf,
356,3,8,1,16,3,8,GABRIELA GUADALUPE,BARRERA,LOPEZ,1,2,2,1,,CR_16_BARRERA_LOPEZ_GABRIELA_GUADALUPE.pdf,CR_16_BARRERA_LOPEZ_GABRIELA_GUADALUPE_F.pdf,/CR/JJE16/CR_16_BARRERA_LOPEZ_GABRIELA_GUADALUPE_F.pdf,
256,3,8,3,9,4,7,NAYELI ANEL,GONZALEZ,NIETO,1,2,2,1,,CR_09_GONZALEZ_NIETO_NAYELI_ANEL.pdf,CR_09_GONZALEZ_NIETO_NAYELI_ANEL_F.pdf,/CR/JJE09/CR_09_GONZALEZ_NIETO_NAYELI_ANEL_F.pdf,
353,3,8,2,15,2,7,SALVADOR,SANCHEZ,LADRILLERO,2,22,40,1,,CR_15_SANCHEZ_LADRILLERO_SALVADOR.pdf,CR_15_SANCHEZ_LADRILLERO_SALVADOR_F.pdf,/CR/JJE15/CR_15_SANCHEZ_LADRILLERO_SALVADOR_F.pdf,
354,3,8,2,15,3,7,LUIS,VAZQUEZ,AGUILAR,2,23,41,1,,CR_15_VAZQUEZ_AGUILAR_LUIS.pdf,CR_15_VAZQUEZ_AGUILAR_LUIS_F.pdf,/CR/JJE15/CR_15_VAZQUEZ_AGUILAR_LUIS_F.pdf,
304,3,8,1,12,1,7,ARTURO CESAR,ORTIZ,GOMEZ,2,3,5,1,,CR_12_ORTIZ_GOMEZ_ARTURO_CESAR.pdf,CR_12_ORTIZ_GOMEZ_ARTURO_CESAR_F.pdf,/CR/JJE12/CR_12_ORTIZ_GOMEZ_ARTURO_CESAR_F.pdf,
305,3,8,1,12,2,7,SERGIO,VARGAS,GONZALEZ,2,4,6,1,,CR_12_VARGAS_GONZALEZ_SERGIO.pdf,CR_12_VARGAS_GONZALEZ_SERGIO_F.pdf,/CR/JJE12/CR_12_VARGAS_GONZALEZ_SERGIO_F.pdf,
263,3,8,1,6,1,7,LUIS MARIO,ANTONIO,FLORES,2,2,4,1,,CR_06_ANTONIO_FLORES_LUIS_MARIO.pdf,CR_06_ANTONIO_FLORES_LUIS_MARIO_F.pdf,/CR/JJE06/CR_06_ANTONIO_FLORES_LUIS_MARIO_F.pdf,
188,3,8,2,2,2,8,DELFINA VICTORIA,NAVARRO,MACIAS,1,1,1,1,,CR_02_NAVARRO_MACIAS_DELFINA_VICTORIA.pdf,CR_02_NAVARRO_MACIAS_DELFINA_VICTORIA_F.pdf,/CR/JJE02/CR_02_NAVARRO_MACIAS_DELFINA_VICTORIA_F.pdf,
189,3,8,2,2,8,6,CLAUDIA ARELY,BARRIGA,CRUZ,1,2,2,1,,CR_02_BARRIGA_CRUZ_CLAUDIA_ARELY.pdf,CR_02_BARRIGA_CRUZ_CLAUDIA_ARELY_F.pdf,/CR/JJE02/CR_02_BARRIGA_CRUZ_CLAUDIA_ARELY_F.pdf,
190,3,8,2,2,1,6,ITZEL,MADERA,MATURANO,1,3,3,1,,CR_02_MADERA_MATURANO_ITZEL.pdf,CR_02_MADERA_MATURANO_ITZEL_F.pdf,/CR/JJE02/CR_02_MADERA_MATURANO_ITZEL_F.pdf,
191,3,8,2,2,2,7,MAYAHUETL,ARRIAGA,GOMEZ,1,4,4,1,,CR_02_ARRIAGA_GOMEZ_MAYAHUETL.pdf,CR_02_ARRIAGA_GOMEZ_MAYAHUETL_F.pdf,/CR/JJE02/CR_02_ARRIAGA_GOMEZ_MAYAHUETL_F.pdf,
192,3,8,2,2,2,7,DAISY,GONZALEZ,VILLEGAS,1,5,5,1,,CR_02_GONZALEZ_VILLEGAS_DAISY.pdf,CR_02_GONZALEZ_VILLEGAS_DAISY_F.pdf,/CR/JJE02/CR_02_GONZALEZ_VILLEGAS_DAISY_F.pdf,
193,3,8,2,2,3,7,MARILU,MARTINEZ,AGUILAR,1,6,6,1,,CR_02_MARTINEZ_AGUILAR_MARILU.pdf,CR_02_MARTINEZ_AGUILAR_MARILU_F.pdf,/CR/JJE02/CR_02_MARTINEZ_AGUILAR_MARILU_F.pdf,
194,3,8,2,2,1,7,CRISTINA,MORENO,CARTAS,1,7,7,1,,CR_02_MORENO_CARTAS_CRISTINA.pdf,CR_02_MORENO_CARTAS_CRISTINA_F.pdf,/CR/JJE02/CR_02_MORENO_CARTAS_CRISTINA_F.pdf,
396,3,8,1,16,1,6,EMMANUEL,VEGA,ROSALES,2,19,42,1,,CR_16_VEGA_ROSALES_EMMANUEL.pdf,CR_16_VEGA_ROSALES_EMMANUEL_F.pdf,/CR/JJE16/CR_16_VEGA_ROSALES_EMMANUEL_F.pdf,
357,3,8,1,16,3,8,FLOR DE MARIA,CAMACHO,RODRIGUEZ,1,3,3,1,,CR_16_CAMACHO_RODRIGUEZ_FLOR_DE_MARIA.pdf,CR_16_CAMACHO_RODRIGUEZ_FLOR_DE_MARIA_F.pdf,/CR/JJE16/CR_16_CAMACHO_RODRIGUEZ_FLOR_DE_MARIA_F.pdf,
178,3,8,3,1,7,6,PERLA PATRICIA,CRUZ,LOPEZ,1,1,1,1,,CR_01_CRUZ_LOPEZ_PERLA_PATRICIA.pdf,CR_01_CRUZ_LOPEZ_PERLA_PATRICIA_F.pdf,/CR/JJE01/CR_01_CRUZ_LOPEZ_PERLA_PATRICIA_F.pdf,
179,3,8,3,1,6,10,ELENA,SANVICENTE,MADARIAGA,1,2,2,1,,CR_01_SANVICENTE_MADARIAGA_ELENA.pdf,CR_01_SANVICENTE_MADARIAGA_ELENA_F.pdf,/CR/JJE01/CR_01_SANVICENTE_MADARIAGA_ELENA_F.pdf,
180,3,8,3,1,7,10,MARIA TRINIDAD,VAZQUEZ,TORRES,1,3,3,1,,CR_01_VAZQUEZ_TORRES_MARIA_TRINIDAD.pdf,CR_01_VAZQUEZ_TORRES_MARIA_TRINIDAD_F.pdf,/CR/JJE01/CR_01_VAZQUEZ_TORRES_MARIA_TRINIDAD_F.pdf,
181,3,8,3,1,3,6,ISIDRO,ANDRADE,VAZQUEZ,2,4,4,1,,CR_01_ANDRADE_VAZQUEZ_ISIDRO.pdf,CR_01_ANDRADE_VAZQUEZ_ISIDRO_F.pdf,/CR/JJE01/CR_01_ANDRADE_VAZQUEZ_ISIDRO_F.pdf,
182,3,8,3,1,2,6,ALEJANDRO,ESCOBAR,FLORES,2,1,5,1,,CR_01_ESCOBAR_FLORES_ALEJANDRO.pdf,CR_01_ESCOBAR_FLORES_ALEJANDRO_F.pdf,/CR/JJE01/CR_01_ESCOBAR_FLORES_ALEJANDRO_F.pdf,
183,3,8,3,1,1,6,LUIS ARMANDO,VELAZQUEZ,CARMONA,2,2,6,1,,CR_01_VELAZQUEZ_CARMONA_LUIS_ARMANDO.pdf,CR_01_VELAZQUEZ_CARMONA_LUIS_ARMANDO_F.pdf,/CR/JJE01/CR_01_VELAZQUEZ_CARMONA_LUIS_ARMANDO_F.pdf,
184,3,8,3,1,2,10,OCIEL,LUA,"",2,3,7,1,,CR_01_LUA_OCIEL.pdf,CR_01_LUA_OCIEL_F.pdf,/CR/JJE01/CR_01_LUA_OCIEL_F.pdf,
185,3,8,3,1,1,10,EDWIN,RIQUELME,AGUILAR,2,4,8,1,,CR_01_RIQUELME_AGUILAR_EDWIN.pdf,CR_01_RIQUELME_AGUILAR_EDWIN_F.pdf,/CR/JJE01/CR_01_RIQUELME_AGUILAR_EDWIN_F.pdf,
186,3,8,3,1,4,10,JOSE TRINIDAD,RODRIGUEZ,ORTIZ,2,5,9,1,,CR_01_RODRIGUEZ_ORTIZ_JOSE_TRINIDAD.pdf,CR_01_RODRIGUEZ_ORTIZ_JOSE_TRINIDAD_F.pdf,/CR/JJE01/CR_01_RODRIGUEZ_ORTIZ_JOSE_TRINIDAD_F.pdf,
187,3,8,3,1,2,10,ALEJANDRO,TAPIA,GONZALEZ,2,6,10,1,,CR_01_TAPIA_GONZALEZ_ALEJANDRO.pdf,CR_01_TAPIA_GONZALEZ_ALEJANDRO_F.pdf,/CR/JJE01/CR_01_TAPIA_GONZALEZ_ALEJANDRO_F.pdf,
131,2,7,2,,1,3,JOSE ANTONIO,ROJO,JIMENEZ,2,12,27,1,,,,,
107,2,7,2,,2,5,BRENDA,BECERRA,GUTIERREZ,1,1,1,1,,,,,
108,2,7,2,,2,5,MARICARMEN,BECERRIL,ALVAREZ,1,2,2,1,,,,,
109,2,7,2,,3,5,MARIA EVA,HEREDIA,RIVERA,1,3,3,1,,,,,
110,2,7,2,,5,5,SOCORRO,HERNANDEZ,OLIVAREZ,1,4,4,1,,,,,
111,2,7,2,,1,5,ROSA MARIA,OVIEDO,FLORES,1,5,5,1,,,,,
112,2,7,2,,5,4,RUBIDELMY,CARDOSO,CASTRO,1,6,6,1,,,,,
113,2,7,2,,6,4,MARIA ANTONIETA,HERNANDEZ,JUAREZ,1,7,7,1,,,,,
114,2,7,2,,8,4,EVA MARIA,ZARZA,VARGAS,1,8,8,1,,,,,
115,2,7,2,,3,3,DIANA YAZMIN,CUEVAS,CUEVAS,1,9,9,1,,,,,
116,2,7,2,,2,3,JUANA,DAVILA,FLORES,1,10,10,1,,,,,
117,2,7,2,,1,3,LUCIA,NOLASCO,VARGAS,1,11,11,1,,,,,
118,2,7,2,,2,3,LAURA,RIVERA,ELIZALDE,1,12,12,1,,,,,
119,2,7,2,,5,3,YANELLI ANAHI YAZMIN,SANDOVAL,HERNANDEZ,1,13,13,1,,,,,
120,2,7,2,,2,5,LUIS ANTONIO,BARRADAS,DOMINGUEZ,2,1,14,1,,,,,
121,2,7,2,,3,5,HUMBERTO,GARCIA,VILLEGAS,2,2,15,1,,,,,
122,2,7,2,,5,5,CARLOS,RUIZ,DOMINGUEZ,2,3,16,1,,,,,
123,2,7,2,,2,5,RICARDO JESUS,SEPULVEDA,IGUINIZ,2,4,17,1,,,,,
124,2,7,2,,1,5,JOEL ALFONSO,SIERRA,PALACIOS,2,5,18,1,,,,,
125,2,7,2,,2,4,VICTOR MANUEL,CORTE,MARTINEZ,2,6,19,1,,,,,
126,2,7,2,,5,4,NOE EUGENIO,DELGADO,MILLAN,2,7,20,1,,,,,
127,2,7,2,,1,4,MARIO LUIS,ROJAS,SERRANO,2,8,21,1,,,,,
128,2,7,2,,8,4,ALEJANDRO,VALENCIA,HUERTA,2,9,22,1,,,,,
129,2,7,2,,5,3,ARTURO,BACA,CONTRERAS,2,10,23,1,,,,,
132,2,7,2,,2,3,ARTURO HEINER,GARDUÑO,ROLDAN,2,13,24,1,,,,,
133,2,7,2,,3,3,CONSUELO ELENA,LARA,PAURA,2,14,25,1,,,,,
130,2,7,2,,2,3,CRISTIAN JOVANI,RAMOS,QUINTERO,2,11,26,1,,,,,
272,3,8,3,8,3,6,YURIDIA,VILLARREAL,MORALES,1,4,4,1,,CR_08_VILLARREAL_MORALES_YURIDIA.pdf,CR_08_VILLARREAL_MORALES_YURIDIA_F.pdf,/CR/JJE08/CR_08_VILLARREAL_MORALES_YURIDIA_F.pdf,
280,3,8,3,8,3,10,ALEJANDRA ISABEL,LADRILLERO,RAMIREZ,1,12,5,1,,CR_08_LADRILLERO_RAMIREZ_ALEJANDRA_ISABEL.pdf,CR_08_LADRILLERO_RAMIREZ_ALEJANDRA_ISABEL_F.pdf,/CR/JJE08/CR_08_LADRILLERO_RAMIREZ_ALEJANDRA_ISABEL_F.pdf,
281,3,8,3,8,2,10,ARACELI,MANZO,ORTEGA,1,13,6,1,,CR_08_MANZO_ORTEGA_ARACELI.pdf,CR_08_MANZO_ORTEGA_ARACELI_F.pdf,/CR/JJE08/CR_08_MANZO_ORTEGA_ARACELI_F.pdf,
282,3,8,3,8,1,10,ALONDRA MONSERRAT,RUBIO,LANDA,1,14,7,1,,CR_08_RUBIO_LANDA_ALONDRA_MONSERRAT.pdf,CR_08_RUBIO_LANDA_ALONDRA_MONSERRAT_F.pdf,/CR/JJE08/CR_08_RUBIO_LANDA_ALONDRA_MONSERRAT_F.pdf,
273,3,8,3,8,3,7,ROSA OLIVA,CARBAJAL,GARCIA,1,5,8,1,,CR_08_CARBAJAL_GARCIA_ROSA_OLIVA.pdf,CR_08_CARBAJAL_GARCIA_ROSA_OLIVA_F.pdf,/CR/JJE08/CR_08_CARBAJAL_GARCIA_ROSA_OLIVA_F.pdf,
274,3,8,3,8,2,7,MARISOL,GALINDO,BAUTISTA,1,6,9,1,,CR_08_GALINDO_BAUTISTA_MARISOL.pdf,CR_08_GALINDO_BAUTISTA_MARISOL_F.pdf,/CR/JJE08/CR_08_GALINDO_BAUTISTA_MARISOL_F.pdf,
275,3,8,3,8,3,7,MONICA ELENA,GALVAN,POOT,1,7,10,1,,CR_08_GALVAN_POOT_MONICA_ELENA.pdf,CR_08_GALVAN_POOT_MONICA_ELENA_F.pdf,/CR/JJE08/CR_08_GALVAN_POOT_MONICA_ELENA_F.pdf,
276,3,8,3,8,7,7,HAIDEE LOTH,JANETT,SILVA,1,8,11,1,,CR_08_JANETT_SILVA_HAIDEE_LOTH.pdf,CR_08_JANETT_SILVA_HAIDEE_LOTH_F.pdf,/CR/JJE08/CR_08_JANETT_SILVA_HAIDEE_LOTH_F.pdf,
277,3,8,3,8,4,7,MARTHA PATRICIA,JARDINEZ,MENDOZA,1,9,12,1,,CR_08_JARDINEZ_MENDOZA_MARTHA_PATRICIA.pdf,CR_08_JARDINEZ_MENDOZA_MARTHA_PATRICIA_F.pdf,/CR/JJE08/CR_08_JARDINEZ_MENDOZA_MARTHA_PATRICIA_F.pdf,
278,3,8,3,8,1,7,EVELYN MAYTE,LEMUS,CALZADA,1,10,13,1,,CR_08_LEMUS_CALZADA_EVELYN_MAYTE.pdf,CR_08_LEMUS_CALZADA_EVELYN_MAYTE_F.pdf,/CR/JJE08/CR_08_LEMUS_CALZADA_EVELYN_MAYTE_F.pdf,
279,3,8,3,8,6,7,NURIA ANDROMEDA,PEREZ,ANAYA,1,11,14,1,,CR_08_PEREZ_ANAYA_NURIA_ANDROMEDA.pdf,CR_08_PEREZ_ANAYA_NURIA_ANDROMEDA_F.pdf,/CR/JJE08/CR_08_PEREZ_ANAYA_NURIA_ANDROMEDA_F.pdf,
283,3,8,3,8,2,8,ADOLFO RAFAEL,ESCALONA,REYNOSO,2,1,15,1,,CR_08_ESCALONA_REYNOSO_ADOLFO_RAFAEL.pdf,CR_08_ESCALONA_REYNOSO_ADOLFO_RAFAEL_F.pdf,/CR/JJE08/CR_08_ESCALONA_REYNOSO_ADOLFO_RAFAEL_F.pdf,
284,3,8,3,8,1,8,JORGE SALVADOR,NOGUEZ,BRAVO,2,2,16,1,,CR_08_NOGUEZ_BRAVO_JORGE_SALVADOR.pdf,CR_08_NOGUEZ_BRAVO_JORGE_SALVADOR_F.pdf,/CR/JJE08/CR_08_NOGUEZ_BRAVO_JORGE_SALVADOR_F.pdf,
285,3,8,3,8,3,8,ANGEL MICHEL,SILVA,CASTAÑON,2,3,17,1,,CR_08_SILVA_CASTAÑON_ANGEL_MICHEL.pdf,CR_08_SILVA_CASTAÑON_ANGEL_MICHEL_F.pdf,/CR/JJE08/CR_08_SILVA_CASTAÑON_ANGEL_MICHEL_F.pdf,
286,3,8,3,8,3,6,GERARDO,MARTINEZ,ALDAMA,2,4,18,1,,CR_08_MARTINEZ_ALDAMA_GERARDO.pdf,CR_08_MARTINEZ_ALDAMA_GERARDO_F.pdf,/CR/JJE08/CR_08_MARTINEZ_ALDAMA_GERARDO_F.pdf,
287,3,8,3,8,6,6,ALEJANDRO,RODRIGUEZ,ALVINES,2,5,19,1,,CR_08_RODRIGUEZ_ALVINES_ALEJANDRO.pdf,CR_08_RODRIGUEZ_ALVINES_ALEJANDRO_F.pdf,/CR/JJE08/CR_08_RODRIGUEZ_ALVINES_ALEJANDRO_F.pdf,
295,3,8,3,8,1,10,FELIX EDMUNDO,GONZALEZ,CARIÑO,2,13,20,1,,CR_08_GONZALEZ_CARIÑO_FELIX_EDMUNDO.pdf,CR_08_GONZALEZ_CARIÑO_FELIX_EDMUNDO_F.pdf,/CR/JJE08/CR_08_GONZALEZ_CARIÑO_FELIX_EDMUNDO_F.pdf,
296,3,8,3,8,3,10,VICTOR ALFREDO,HERNANDEZ,SANCHEZ,2,14,21,1,,CR_08_HERNANDEZ_SANCHEZ_VICTOR_ALFREDO.pdf,CR_08_HERNANDEZ_SANCHEZ_VICTOR_ALFREDO_F.pdf,/CR/JJE08/CR_08_HERNANDEZ_SANCHEZ_VICTOR_ALFREDO_F.pdf,
297,3,8,3,8,2,10,JOSE LUIS,SALVADOR,VALDES,2,15,22,1,,CR_08_SALVADOR_VALDES_JOSE_LUIS.pdf,CR_08_SALVADOR_VALDES_JOSE_LUIS_F.pdf,/CR/JJE08/CR_08_SALVADOR_VALDES_JOSE_LUIS_F.pdf,
288,3,8,3,8,2,7,GILBERTO,ASTUDILLO,GARCIA,2,6,23,1,,CR_08_ASTUDILLO_GARCIA_GILBERTO.pdf,CR_08_ASTUDILLO_GARCIA_GILBERTO_F.pdf,/CR/JJE08/CR_08_ASTUDILLO_GARCIA_GILBERTO_F.pdf,
289,3,8,3,8,2,7,FILIBERTO,HERNANDEZ,CANO,2,7,24,1,,CR_08_HERNANDEZ_CANO_FILIBERTO.pdf,CR_08_HERNANDEZ_CANO_FILIBERTO_F.pdf,/CR/JJE08/CR_08_HERNANDEZ_CANO_FILIBERTO_F.pdf,
290,3,8,3,8,1,7,JOSE DE JESUS,MARTINEZ,ZUÑIGA,2,8,25,1,,CR_08_MARTINEZ_ZUÑIGA_JOSE_DE_JESUS.pdf,CR_08_MARTINEZ_ZUÑIGA_JOSE_DE_JESUS_F.pdf,/CR/JJE08/CR_08_MARTINEZ_ZUÑIGA_JOSE_DE_JESUS_F.pdf,
291,3,8,3,8,1,7,JUAN,PINEDA,GUTIERREZ,2,9,26,1,,CR_08_PINEDA_GUTIERREZ_JUAN.pdf,CR_08_PINEDA_GUTIERREZ_JUAN_F.pdf,/CR/JJE08/CR_08_PINEDA_GUTIERREZ_JUAN_F.pdf,
292,3,8,3,8,3,7,JUAN CARLOS,SANTIAGO,JIMENEZ,2,10,27,1,,CR_08_SANTIAGO_JIMENEZ_JUAN_CARLOS.pdf,CR_08_SANTIAGO_JIMENEZ_JUAN_CARLOS_F.pdf,/CR/JJE08/CR_08_SANTIAGO_JIMENEZ_JUAN_CARLOS_F.pdf,
293,3,8,3,8,6,7,SAMUEL,TORRES,NAVA,2,11,28,1,,CR_08_TORRES_NAVA_SAMUEL.pdf,CR_08_TORRES_NAVA_SAMUEL_F.pdf,/CR/JJE08/CR_08_TORRES_NAVA_SAMUEL_F.pdf,
294,3,8,3,8,3,7,JOSE ARTURO,ZENTENO,CASTELBERG,2,12,29,1,,CR_08_ZENTENO_CASTELBERG_JOSE_ARTURO.pdf,CR_08_ZENTENO_CASTELBERG_JOSE_ARTURO_F.pdf,/CR/JJE08/CR_08_ZENTENO_CASTELBERG_JOSE_ARTURO_F.pdf,
370,3,8,1,16,2,6,ARIADNA,MIRANDA,GONZALEZ,1,16,16,1,,CR_16_MIRANDA_GONZALEZ_ARIADNA.pdf,CR_16_MIRANDA_GONZALEZ_ARIADNA_F.pdf,/CR/JJE16/CR_16_MIRANDA_GONZALEZ_ARIADNA_F.pdf,
371,3,8,1,16,2,6,DIANA LAURA,OLVERA,GOMEZ,1,17,17,1,,CR_16_OLVERA_GOMEZ_DIANA_LAURA.pdf,CR_16_OLVERA_GOMEZ_DIANA_LAURA_F.pdf,/CR/JJE16/CR_16_OLVERA_GOMEZ_DIANA_LAURA_F.pdf,
372,3,8,1,16,1,7,VERONICA,AVILA,CERA,1,18,18,1,,CR_16_AVILA_CERA_VERONICA.pdf,CR_16_AVILA_CERA_VERONICA_F.pdf,/CR/JJE16/CR_16_AVILA_CERA_VERONICA_F.pdf,
373,3,8,1,16,8,7,ROSA ELENA,CARDOSO,RAMIRO,1,19,19,1,,CR_16_CARDOSO_RAMIRO_ROSA_ELENA.pdf,CR_16_CARDOSO_RAMIRO_ROSA_ELENA_F.pdf,/CR/JJE16/CR_16_CARDOSO_RAMIRO_ROSA_ELENA_F.pdf,
362,3,8,1,16,1,8,CLAUDIA MARIA,VELAZQUEZ,TAPIA,1,8,8,1,,CR_16_VELAZQUEZ_TAPIA_CLAUDIA_MARIA.pdf,CR_16_VELAZQUEZ_TAPIA_CLAUDIA_MARIA_F.pdf,/CR/JJE16/CR_16_VELAZQUEZ_TAPIA_CLAUDIA_MARIA_F.pdf,
363,3,8,1,16,1,6,CINTHIA CARMEN,CASTAÑO,ARAMIS,1,9,9,1,,CR_16_CASTAÑO_ARAMIS_CINTHIA_CARMEN.pdf,CR_16_CASTAÑO_ARAMIS_CINTHIA_CARMEN_F.pdf,/CR/JJE16/CR_16_CASTAÑO_ARAMIS_CINTHIA_CARMEN_F.pdf,
364,3,8,1,16,1,6,MAYRA LIZETH,DIAZ,REYES,1,10,10,1,,CR_16_DIAZ_REYES_MAYRA_LIZETH.pdf,CR_16_DIAZ_REYES_MAYRA_LIZETH_F.pdf,/CR/JJE16/CR_16_DIAZ_REYES_MAYRA_LIZETH_F.pdf,
365,3,8,1,16,3,6,YESENIA,ESPINOSA,BRUNO,1,11,11,1,,CR_16_ESPINOSA_BRUNO_YESENIA.pdf,CR_16_ESPINOSA_BRUNO_YESENIA_F.pdf,/CR/JJE16/CR_16_ESPINOSA_BRUNO_YESENIA_F.pdf,
366,3,8,1,16,3,6,DINORA ELIZABETH,ESTRADA,SOBRADO,1,12,12,1,,CR_16_ESTRADA_SOBRADO_DINORA_ELIZABETH.pdf,CR_16_ESTRADA_SOBRADO_DINORA_ELIZABETH_F.pdf,/CR/JJE16/CR_16_ESTRADA_SOBRADO_DINORA_ELIZABETH_F.pdf,
391,3,8,1,16,3,6,CARLOS EDUARDO,GUTIERREZ,MELCHOR,2,14,37,1,,CR_16_GUTIERREZ_MELCHOR_CARLOS_EDUARDO.pdf,CR_16_GUTIERREZ_MELCHOR_CARLOS_EDUARDO_F.pdf,/CR/JJE16/CR_16_GUTIERREZ_MELCHOR_CARLOS_EDUARDO_F.pdf,
392,3,8,1,16,2,6,GEOVANI,JAIMES,TORRES,2,15,38,1,,CR_16_JAIMES_TORRES_GEOVANI.pdf,CR_16_JAIMES_TORRES_GEOVANI_F.pdf,/CR/JJE16/CR_16_JAIMES_TORRES_GEOVANI_F.pdf,
393,3,8,1,16,3,6,ADRIAN,MONTES DE OCA,TORRES,2,16,39,1,,CR_16_MONTES_DE_OCA_TORRES_ADRIAN.pdf,CR_16_MONTES_DE_OCA_TORRES_ADRIAN_F.pdf,/CR/JJE16/CR_16_MONTES_DE_OCA_TORRES_ADRIAN_F.pdf,
394,3,8,1,16,2,6,URIEL SANTIAGO,PEÑA,RIOS,2,17,40,1,,CR_16_PEÑA_RIOS_URIEL_SANTIAGO.pdf,CR_16_PEÑA_RIOS_URIEL_SANTIAGO_F.pdf,/CR/JJE16/CR_16_PEÑA_RIOS_URIEL_SANTIAGO_F.pdf,
395,3,8,1,16,3,6,SALVADOR,REYES,MARQUEZ,2,18,41,1,,CR_16_REYES_MARQUEZ_SALVADOR.pdf,CR_16_REYES_MARQUEZ_SALVADOR_F.pdf,/CR/JJE16/CR_16_REYES_MARQUEZ_SALVADOR_F.pdf,
398,3,8,1,16,4,7,FIDEL,CRUZ,GARCIA,2,21,44,1,,CR_16_CRUZ_GARCIA_FIDEL.pdf,CR_16_CRUZ_GARCIA_FIDEL_F.pdf,/CR/JJE16/CR_16_CRUZ_GARCIA_FIDEL_F.pdf,
399,3,8,1,16,7,7,JUAN,GARCIA,VIVEROS,2,22,45,1,,CR_16_GARCIA_VIVEROS_JUAN.pdf,CR_16_GARCIA_VIVEROS_JUAN_F.pdf,/CR/JJE16/CR_16_GARCIA_VIVEROS_JUAN_F.pdf,
400,3,8,1,16,8,7,EDGAR,RAMIREZ,VALDES,2,23,46,1,,CR_16_RAMIREZ_VALDES_EDGAR.pdf,CR_16_RAMIREZ_VALDES_EDGAR_F.pdf,/CR/JJE16/CR_16_RAMIREZ_VALDES_EDGAR_F.pdf,
406,3,8,4,18,3,10,ADRIANA,BARCENAS,REYNOSO,1,3,1,1,,CR_18_BARCENAS_REYNOSO_ADRIANA.pdf,CR_18_BARCENAS_REYNOSO_ADRIANA_F.pdf,/CR/JJE18/CR_18_BARCENAS_REYNOSO_ADRIANA_F.pdf,
407,3,8,4,18,7,10,TERESA,MARTINEZ,MARTINEZ,1,4,2,1,,CR_18_MARTINEZ_MARTINEZ_TERESA.pdf,CR_18_MARTINEZ_MARTINEZ_TERESA_F.pdf,/CR/JJE18/CR_18_MARTINEZ_MARTINEZ_TERESA_F.pdf,
404,3,8,4,18,7,7,YULIBETH,CRUZ,MENDOZA,1,1,3,1,,CR_18_CRUZ_MENDOZA_YULIBETH.pdf,CR_18_CRUZ_MENDOZA_YULIBETH_F.pdf,/CR/JJE18/CR_18_CRUZ_MENDOZA_YULIBETH_F.pdf,
401,3,8,1,17,2,8,OBDULIA,DIAZ,LOPEZ,1,1,1,1,,CR_17_DIAZ_LOPEZ_OBDULIA.pdf,CR_17_DIAZ_LOPEZ_OBDULIA_F.pdf,/CR/JJE17/CR_17_DIAZ_LOPEZ_OBDULIA_F.pdf,
402,3,8,1,17,1,8,CARLOS MAURICIO,GUZMAN,CABALLERO,2,1,2,1,,CR_17_GUZMAN_CABALLERO_CARLOS_MAURICIO.pdf,CR_17_GUZMAN_CABALLERO_CARLOS_MAURICIO_F.pdf,/CR/JJE17/CR_17_GUZMAN_CABALLERO_CARLOS_MAURICIO_F.pdf,
403,3,8,1,17,2,8,JOSE EDER,SANTOS,VAZQUEZ,2,2,3,1,,CR_17_SANTOS_VAZQUEZ_JOSE_EDER.pdf,CR_17_SANTOS_VAZQUEZ_JOSE_EDER_F.pdf,/CR/JJE17/CR_17_SANTOS_VAZQUEZ_JOSE_EDER_F.pdf,
