id_distrito_judicial,nombre_distrito_judicial,num_romano_distrito_judicial
1.0,CHALCO,I
3.0,ECATEPEC DE MORELOS,III
4.0,EL ORO,IV
5.0,IXTLAHUACA,V
6.0,JILOTEPEC,VI
7.0,LERMA,VII
8.0,NEZAHUALCÓYOTL,VIII
9.0,OTUMBA,IX
10.0,SULTEPEC,X
11.0,TEMASCALTEPEC,XI
12.0,TENANGO DEL VALLE,XII
13.0,TENANCINGO,XIII
14.0,TEXCOCO,XIV
15.0,TLALNEPANTLA DE BAZ,XV
16.0,TOLUCA,XVI
17.0,VALLE DE BRAVO,XVII
18.0,ZUMPANGO,XVIII
46.0,VOTO MEXIQUENSES RESIDENTES EN EL EXTRANJERO,XLVI
47.0,VOTO ANTICIPADO,XLVII
48.0,VOTO DE PERSONAS EN PRISIÓN PREVENTIVA,XLVII
2.0,CUAUTITLÁN,II
